old	new	status
AAADMLGMAHJ	_enemyPerks	applied_or_already_applied
AACAFOBANOH	UpgradeIndexItem	applied_or_already_applied
AACGHFEEMEL	upgradeLevel	applied_or_already_applied
AAEEJJMOFIL	IDString	applied_or_already_applied
AAEJIOAJIJH	OnText	applied_or_already_applied
AAFHICAIJMG	ParseQuickAttacks	applied_or_already_applied
AAHNBCOLFBE	DEFAYUL_FREQUENCY	applied_or_already_applied
AAMKHGHPMBF	_rounds	applied_or_already_applied
AAMPCHIDLHL	FindBest	applied_or_already_applied
AANFDPEBLME	_BattleName	applied_or_already_applied
AAOCLPPHGGN	CheckCountersStopFight	applied_or_already_applied
AAOCMMMCPJJ	EncodeBit	applied_or_already_applied
ABAOBKBHEEO	GetUseSafeAttackChance	applied_or_already_applied
ABBNBLGLEPC	_Enemies	applied_or_already_applied
ABDADPAPIGB	set_IsShock	applied_or_already_applied
ABFPMAEBIMM	GetItemFactor	applied_or_already_applied
ABGHNJGOEJL	_CurrentLife	applied_or_already_applied
ABGOLPFFHLM	IsThePriority	applied_or_already_applied
ABGPMGKCLBF	ActionDelete	applied_or_already_applied
ABJICHBHFMD	_playerItemRules	applied_or_already_applied
ABJMFKKDKLI	GetCrc32AndCopy	applied_or_already_applied
ABOGPMOOIDI	_power	applied_or_already_applied
ACCGMNKDBIP	GetBinary	applied_or_already_applied
ACEFNFKNMBJ	OnEndIntervals	applied_or_already_applied
ACEHLJCDLKB	PerkActionChangeHitEffectScale	applied_or_already_applied
ACFFKACBLHO	OnKeyRelease	applied_or_already_applied
ACIJOGJDMDI	_now	applied_or_already_applied
ACJJEPMLMLG	_isInited	applied_or_already_applied
ACKJAPNOCLF	ShowEnterScreen	applied_or_already_applied
ACLDJKMGIOJ	Part	applied_or_already_applied
ACLKNNJIIHF	GetPosLenPrice	applied_or_already_applied
ACMHFEDHBOE	GetCustomArgument	applied_or_already_applied
ACMOJHFLKFP	MaxUncompressedBlockSize	applied_or_already_applied
ACMOJMCKDKH	UpdateAdditionalDrawsLayer	applied_or_already_applied
ADCIAFCEOLE	ActionTryOnEnd	applied_or_already_applied
ADEDICCNBOM	set_UploadStream	applied_or_already_applied
ADGMLBFBLHA	ActionStopFollowEffect	applied_or_already_applied
ADHALNDIPGL	inst_array	applied_or_already_applied
ADJNAOFFIEB	vsScreen	applied_or_already_applied
ADJOBOBNGOL	IsNotCompare	applied_or_already_applied
ADKLFGEHLAK	OnActionComplete	applied_or_already_applied
ADLFECNNOCC	Disconnect	applied_or_already_applied
ADMPHLBENCA	PostCharIndex	applied_or_already_applied
ADNBJGMHKDK	LineBuffer	applied_or_already_applied
ADNMGFJGFHG	set_ProtectedUris	applied_or_already_applied
AEAMELPKADL	EndFightRaid	applied_or_already_applied
AECLBELKJIG	IsIgnoredEnemyAnimation	applied_or_already_applied
AECNPCBGMAJ	uriReplacer	applied_or_already_applied
AEMHFHJNKEC	GetQuaternion	applied_or_already_applied
AENMEFKKKDK	_Current	applied_or_already_applied
AFBEJLBKEDF	_DeliveryTime	applied_or_already_applied
AFCHOBKCHNE	GetInternalPath	applied_or_already_applied
AFHNFJLOGIC	time	applied_or_already_applied
AFLJGIPDJME	_AnimationContainer	applied_or_already_applied
AFLLJFBMKCJ	GetLoadBytes	applied_or_already_applied
AFOBBNEALPI	HasInterface	applied_or_already_applied
AGBGFJNDIJG	ChangeType	applied_or_already_applied
AGDDADEKPDC	_physicsRules	applied_or_already_applied
AGFAHLIMFBN	parse_table	applied_or_already_applied
AGFINJGJCPB	screenFight	applied_or_already_applied
AGGGJDKHOJE	ShiftBuffer	applied_or_already_applied
AGGLKCEGKNB	StrikeModel	applied_or_already_applied
AGGMKGGCMMB	GetRecipeByName	applied_or_already_applied
AGIDFKOJINI	CalculateResult	applied_or_already_applied
AGIGOJBLLJI	byteBuffer	applied_or_already_applied
AGJAFLFGHKE	mark	applied_or_already_applied
AGNINLMGLCF	preFight	applied_or_already_applied
AGPANLDMMDF	IsSafeDodges	applied_or_already_applied
AGPDMLPINAH	OnPressAnyKey	applied_or_already_applied
AGPIINPBJAG	GetByteArray	applied_or_already_applied
AHEGMJKJFGE	CapabilityTable	applied_or_already_applied
AHEHKMMOBCO	setSeed	applied_or_already_applied
AHGEFEJNIAB	ConditionStatus	applied_or_already_applied
AHIFMOKDJPG	LoadParameters	applied_or_already_applied
AHJEIOKJOJK	Frame	applied_or_already_applied
AHKMLIBFMLA	_Destination	applied_or_already_applied
AHKOJECABND	SEAL_SIZE	applied_or_already_applied
AHLMHDMHJCG	fragmentSize	applied_or_already_applied
AHLPODLKBEP	version	applied_or_already_applied
AHNCOKBLDDF	SetRandomRuleSeed	applied_or_already_applied
AHNLOHMAEMC	rigidPlayer	applied_or_already_applied
AHOEMOENNOI	_exit	applied_or_already_applied
AHPCKIHOBBD	QuestActionEclipseModeSwitchBackTutorial	applied_or_already_applied
AHPOLHHEJOA	EnableLoading	applied_or_already_applied
AIANEKPGCGG	set_Url	applied_or_already_applied
AICIGECAKDC	GetTacticByName	applied_or_already_applied
AIEGFACLFKE	_value	applied_or_already_applied
AIFJGMOCNCG	GameOver	applied_or_already_applied
AIJNHGGCMKH	QuestActionStoryTutorialLearnPerk	applied_or_already_applied
AIPKBMIIAPE	DeactivateInFightRule	applied_or_already_applied
AIPPNAPCBNE	ParseStringList	applied_or_already_applied
AJAHJEEKOOI	set_MarketID	applied_or_already_applied
AJFHCOFIDMG	FirstFrameIndex	applied_or_already_applied
AJMAAAJOKOD	set_NodesCount	applied_or_already_applied
AJMBHLNMBEI	data_type	applied_or_already_applied
AKCGPHILAKE	set_Node	applied_or_already_applied
AKIHENCKLPP	SetNewCryptoKey	applied_or_already_applied
AKJLKKIDFMB	CompileTacticsSettings	applied_or_already_applied
AKMBINDGPHO	Buy	applied_or_already_applied
AKOBIDNPJAO	ReadValue	applied_or_already_applied
ALAKNMCKLFI	Data	applied_or_already_applied
ALCOMOGKMMI	StopDialog	applied_or_already_applied
ALGEJHHNHAG	ChangeEnergy	applied_or_already_applied
ALJEEKOGHHC	Decode	applied_or_already_applied
ALKJAFICLJI	Table	applied_or_already_applied
ALNKMCPAEJJ	GET_ACCOUNTS	applied_or_already_applied
ALNLGEBOGFP	_obj	applied_or_already_applied
ALOKLPABCKJ	DecryptStringValue	applied_or_already_applied
AMAHMAEGLNN	GetCurrencyCount	applied_or_already_applied
AMAKLIMHEPE	AtlasesNames	applied_or_already_applied
AMCNEDEIMLG	AddTable	applied_or_already_applied
AMFMMNEOJCM	TransformExtensions	applied_or_already_applied
AMICCPKLFIG	element_type	applied_or_already_applied
AMKACGAJAFI	AssignAnchors	applied_or_already_applied
AMKFIJMKLIB	_type	applied_or_already_applied
AMKPAGCFMIN	Base	applied_or_already_applied
AMLHBKFFKAB	LoadFrom	applied_or_already_applied
AMNBONNKJEA	CompareKeys	applied_or_already_applied
AMNIBFPABBB	SetHasRandomSeed	applied_or_already_applied
ANCPKKDDBCL	BadCompressionThreshold	applied_or_already_applied
ANEIELJAOBJ	SetInverseLocationScale	applied_or_already_applied
ANFHBBCCHIF	IsGivenTemplateAnimation	applied_or_already_applied
ANGDLLEJBJK	_previousByte	applied_or_already_applied
ANHKAMGCLKF	get_RandomizingEnemyAnimation	applied_or_already_applied
ANMJAHPFFFP	_isRoundOver	applied_or_already_applied
ANNMBLGDHHI	CreateRingout	applied_or_already_applied
AOCGGCIFGDG	GetResources	applied_or_already_applied
AODAMALKDIK	set_LastStrikePhase	applied_or_already_applied
AOFIIOIHNKO	_count	applied_or_already_applied
AOGMLIAMDPC	m_NumPosStates	applied_or_already_applied
AOIHFGABCMP	DialogsOpener	applied_or_already_applied
AOKEIJNAJIE	ParseTactics	applied_or_already_applied
AOKKKJHOBNH	charControllerVelocity	applied_or_already_applied
AOKNKKOMCHI	maxRounds	applied_or_already_applied
AOOCELLOHPH	m_CallBack	applied_or_already_applied
AOPBOEEJJLH	isActive	applied_or_already_applied
APAMDMLALHP	count	applied_or_already_applied
APCLIPABMGJ	SendOnNextFrame	applied_or_already_applied
APDAGDIEAGN	EncryptDecrypt	applied_or_already_applied
APELCDGCONG	set_TypeOverride	applied_or_already_applied
APFAGGLOOAA	ConditionName	applied_or_already_applied
APIJDNECMOB	TacticValue	applied_or_already_applied
APKJCACPIKN	set_State	applied_or_already_applied
APLBGNOEGDD	Equal	applied_or_already_applied
APMCMDOBFOI	writer	applied_or_already_applied
APNFKMBPMPO	SetImpulseFactor	applied_or_already_applied
APNOPBAPDNF	IsProbality	applied_or_already_applied
APOHOKNGKNF	get_Tactic	applied_or_already_applied
BADBAHHKCFG	_numOfDisplayModes	applied_or_already_applied
BADEBJKJACN	set_LastEventId	applied_or_already_applied
BAGCMLBIIEG	GetOverrideByScreen	applied_or_already_applied
BAHLKHDDJCH	ThreadFunc	applied_or_already_applied
BAINMLLIKOL	value	applied_or_already_applied
BAJFFPFFNAB	lastPing	applied_or_already_applied
BALJIPGJEIL	GetSpriteFromAtlas	applied_or_already_applied
BALKLAKLCFL	set_IsRunning	applied_or_already_applied
BALMDCHGLAL	SyncRoot	applied_or_already_applied
BALPCPCBIKD	WriteToStream	applied_or_already_applied
BANJDLGFBFF	collection	applied_or_already_applied
BANKJEJIALA	GetKeyDataBySign	applied_or_already_applied
BANMHPNCOAH	_BundleId	applied_or_already_applied
BAONKHMFJAM	Triangles	applied_or_already_applied
BBAKODPKEPI	QuestActionActivate	applied_or_already_applied
BBBJLIGJIJN	Unwrap	applied_or_already_applied
BBDBDPBFFAP	_contentData	applied_or_already_applied
BBJFMGKLPPO	remove_ValueAvailable	applied_or_already_applied
BBKAALFGOEA	GetDodgeChance	applied_or_already_applied
BBLCHHDGCDD	_SharedMaterial	applied_or_already_applied
BBLNPIPNDMB	OnReleaseAnyKey	applied_or_already_applied
BBNAHLALCBK	QuestActionGiveCurrency	applied_or_already_applied
BCAFFFEPCJD	DecryptData	applied_or_already_applied
BCBADDOGLPE	OnIntervalStart	applied_or_already_applied
BCELJLPGAHH	ResetParameters	applied_or_already_applied
BCGAJAPHJEL	noMoreData	applied_or_already_applied
BCOALNKPIAL	get_MissilesFirstIteration	applied_or_already_applied
BDACPCAALKA	_fightPause	applied_or_already_applied
BDAPPIHMJDM	IsFrameShift	applied_or_already_applied
BDCEKNGPDNM	UserID	applied_or_already_applied
BDDKOJIDLII	SetVersion	applied_or_already_applied
BDJCEEHLECI	Title	applied_or_already_applied
BDMKLAGBCKG	kTopValue	applied_or_already_applied
BDNFDNDGJCA	Cross	applied_or_already_applied
BDPBKMKGBCH	isEndRound	applied_or_already_applied
BDPGFHDMAGL	_inProcess	applied_or_already_applied
BEEOPKCCEDK	Render	applied_or_already_applied
BEFDDFHDOIK	GetEnemyPerks	applied_or_already_applied
BEIEHEFIBGF	MergeWithItem	applied_or_already_applied
BEMDMBMFNNH	_animationRules	applied_or_already_applied
BEMNLFNEFDG	asyncOperations	applied_or_already_applied
BFBDFEKJFMD	SerializeNumber	applied_or_already_applied
BFCMBFJHFHF	SetPositionX	applied_or_already_applied
BFDCKJEOGOJ	kDefaultDictionaryLogSize	applied_or_already_applied
BFHHNHCGIAK	GetLoadSpriteFromAtlas	applied_or_already_applied
BGAJICIMEIE	Title	applied_or_already_applied
BGCPMFKDPOJ	AddStrike	applied_or_already_applied
BGDGOMLBJEE	GetEdgeButton	applied_or_already_applied
BGDNMDLDNLA	_labelButtonPrefab	applied_or_already_applied
BGFNAOJBLAP	PostStrings	applied_or_already_applied
BGKJDIKLNJA	GetRect	applied_or_already_applied
BGMAOHHHMFM	ParentPerkName	applied_or_already_applied
BHACBLFIDNJ	OnError	applied_or_already_applied
BHBBMGGJHKC	MAX_CHANELS	applied_or_already_applied
BHCLBGMEODM	AddVertex	applied_or_already_applied
BHDEBDIHDFM	ConditionKeys	applied_or_already_applied
BHDKGNOCAGK	MirrorKeys	applied_or_already_applied
BHGNEKHOGPO	AddNodes	applied_or_already_applied
BHKPDGODFKL	ScanVersionDirectiveNumber	applied_or_already_applied
BHOPNLCPIGH	ForCurrentVersion	applied_or_already_applied
BICGPDOFJNF	K	applied_or_already_applied
BICJJEFLBCG	_crazyRules	applied_or_already_applied
BIGCGGHIPIK	IndexesRange	applied_or_already_applied
BIGJDKPBAOM	ChangeLampOpacity	applied_or_already_applied
BIJHHFHOFNH	iso8859dash1	applied_or_already_applied
BIMLLOKDHFM	set_Frames	applied_or_already_applied
BINCFBIAFMG	set_Model	applied_or_already_applied
BIODNNBNOFC	codeLengthArray	applied_or_already_applied
BIPFHFMBLGJ	AtlasesCache	applied_or_already_applied
BJCPHHBGAFO	inst_string_builder	applied_or_already_applied
BJDHMKALJJN	MirrorNodes	applied_or_already_applied
BJEJMIMNJBP	ShopOverrideConteyner	applied_or_already_applied
BJFEIDOJHBI	_LastCommandIndex	applied_or_already_applied
BJHBJHFACGA	number	applied_or_already_applied
BJJFFKCBBFC	OnBinary	applied_or_already_applied
BJKDKDPCHAD	set_LastProcessedUri	applied_or_already_applied
BJKPLEGPKNJ	packsXML	applied_or_already_applied
BJMBDOOFDOF	ChangePair	applied_or_already_applied
BKAGJHHAMDA	set_MaxAge	applied_or_already_applied
BKBDCHPIACK	SetSign	applied_or_already_applied
BKCNEABMPHL	QuestActionGiveItem	applied_or_already_applied
BKDIILHJEJF	ParseResponse	applied_or_already_applied
BKEJKKIIGML	CalculateExponentialChance	applied_or_already_applied
BKGBEAEFJMP	ModelController	applied_or_already_applied
BKHMFALDKGH	logResultStr	applied_or_already_applied
BKIJBMOMKLG	ReadQuotedText	applied_or_already_applied
BKKPCBGAEHC	BattleReplayable	applied_or_already_applied
BKMGBPBDEGE	Pause	applied_or_already_applied
BKMGJBCJJEN	ScanUriEscapes	applied_or_already_applied
BKMNEMDIAEE	ChildMaxModelFrame	applied_or_already_applied
BKNHEKCKGJO	ApplyDamageFromServer	applied_or_already_applied
BKOIAPKNBGH	_id	applied_or_already_applied
BKPAOEDAKDK	AiData	applied_or_already_applied
BLAIFJHNJIO	PerkActionProvoke	applied_or_already_applied
BLHMMFJHLPP	PurchaseController	applied_or_already_applied
BLHOBLHCPIP	RaidCheatManager	applied_or_already_applied
BLJDEFIPPEE	_isCheckRender	applied_or_already_applied
BLJGEOEHIGP	count	applied_or_already_applied
BLLCOEAOJGF	target	applied_or_already_applied
BMAKFKKHKAH	set_Progress	applied_or_already_applied
BMAMEKDFLBG	DefenceAttribute	applied_or_already_applied
BMBCAKGMAIP	gf2_matrix_square	applied_or_already_applied
BMBEFLBNMJO	GetResource	applied_or_already_applied
BMCAIKDGOKG	ParseLong	applied_or_already_applied
BMFKOMIAEOH	GetBlockChance	applied_or_already_applied
BMIJIOLMHCA	DrawZoomEffect	applied_or_already_applied
BMJEMDLOPEC	set_IsFollowObject	applied_or_already_applied
BMLDEBMJDHM	CheckEvent	applied_or_already_applied
BMPAJCILLOP	Equip	applied_or_already_applied
BMPGAPDJJHL	SetDouble	applied_or_already_applied
BMPPIMBKCDB	GetDouble	applied_or_already_applied
BNCFGOHEENA	SetWallShift	applied_or_already_applied
BNGEEECJPEN	get_MovesLastIteration	applied_or_already_applied
BNHFNKNKFJG	maxRecursion	applied_or_already_applied
BNINOIBCDOE	_ShowMenuTime	applied_or_already_applied
BNNEKHLMHMH	CheckDamageRules	applied_or_already_applied
BOAFKGNNLHI	_counter	applied_or_already_applied
BOBDBEAHPLJ	controls	applied_or_already_applied
BOCOGPJNGFB	FontColor	applied_or_already_applied
BOECPKCKNPN	object_list	applied_or_already_applied
BOGFKNKENFP	get_RoundTimeLeftFrames	applied_or_already_applied
BOKLGOEBJGD	RequestBookmark	applied_or_already_applied
BOLIEFMEAKF	Stop	applied_or_already_applied
BOPAEEBGFAN	Start	applied_or_already_applied
BPEECBCIIME	_rulesInspector	applied_or_already_applied
BPHIGLDPIHI	MaxPlayableSounds	applied_or_already_applied
BPHPOGKKKHK	_PivotName	applied_or_already_applied
BPJNHNCOPOP	StyleName	applied_or_already_applied
BPKPELJEOBJ	CheckAnimations	applied_or_already_applied
BPLPKPIBEIF	Factors	applied_or_already_applied
BPNIFLMLGHB	QuestActionSendDiscountStats	applied_or_already_applied
BPPMLOIPDGJ	UnlockAchievement	applied_or_already_applied
BPPPBDOBDFH	m_Stream	applied_or_already_applied
CAANBJEPGAA	Intervals	applied_or_already_applied
CAAOOJLECIC	finishedCount	applied_or_already_applied
CABJFENMCFN	GetInterframeByDistance	applied_or_already_applied
CAGGDFBMJKG	MarketSettings	applied_or_already_applied
CAIJKDMIPFO	_base	applied_or_already_applied
CAMMNDIHCOJ	CheckLockAnimation	applied_or_already_applied
CAOPJNBDLJB	QuestActionGiveAchievement	applied_or_already_applied
CBAGCPJFHJO	ClearIntervals	applied_or_already_applied
CBCCKFNGJMO	ParseAttributes	applied_or_already_applied
CBEFOGCNPLN	WriteUInt32	applied_or_already_applied
CBFIICJIOKF	IsEqual	applied_or_already_applied
CBFLDHEDMLL	set_BulletType	applied_or_already_applied
CBGAONDHEFK	ruleDesc	applied_or_already_applied
CBJBOFANOJI	OnLoadContent	applied_or_already_applied
CBJCAIMOOOB	CreateSprite	applied_or_already_applied
CBKCLODFBLG	Inflate	applied_or_already_applied
CBPIGOFDEJF	AddIfNotExist	applied_or_already_applied
CCCFDAGPDEF	DefaultBufferSize	applied_or_already_applied
CCHBBJCOJLB	InternalEncrypt	applied_or_already_applied
CCIEBLBDBBC	Receive	applied_or_already_applied
CCJICBBHJKK	MethodNames	applied_or_already_applied
CCKLJHDJLKM	UpdateNode	applied_or_already_applied
CCNDHGKIIPK	Concat	applied_or_already_applied
CDAOJGOFBIC	allDownloadedFromLocalCache	applied_or_already_applied
CDDLKINPKFJ	UpdateIcon	applied_or_already_applied
CDGFLHHOMJI	ToObject	applied_or_already_applied
CDGJIOHHODD	_sliderVisibleItems	applied_or_already_applied
CDIFCCDNEAJ	actualStreamSizeModulo	applied_or_already_applied
CDMJEPIHIDE	ParseAnimationList	applied_or_already_applied
CDOANHGOGJJ	ToDateTime	applied_or_already_applied
CDPJJDDNFMH	get_RoundNumber	applied_or_already_applied
CEDAAMBFHBG	set_Type	applied_or_already_applied
CEFAJJHNNIL	SetEvadesRnd	applied_or_already_applied
CEFFOHOJGPB	_interframes	applied_or_already_applied
CEGIFBKOKDB	Render	applied_or_already_applied
CEGLFIKOACB	ToLanguageCode	applied_or_already_applied
CEIBJNKENEP	_NodeNames	applied_or_already_applied
CEJBOIFEABJ	get_FightTimeInFrames	applied_or_already_applied
CEJDKBJELNN	PlayAnimation	applied_or_already_applied
CFABJLHDOJA	IncreaseStyleByValue	applied_or_already_applied
CFAOKHIACBD	IsFitCondition	applied_or_already_applied
CFCEKMKJMNF	GetAllSimplifiedAssetNames	applied_or_already_applied
CFCPKBJIBFH	CreatePerkActivationArea	applied_or_already_applied
CFDKBPFLFJF	CallCountersByType	applied_or_already_applied
CFEBPDIINEI	_ButtonName	applied_or_already_applied
CFHOAIJINEC	_enemyNoPerksRules	applied_or_already_applied
CFIIGIKNOLB	Distances	applied_or_already_applied
CFJALLNBEDB	PutNoPerkFromRule	applied_or_already_applied
CFJNGLFPIBB	Read	applied_or_already_applied
CFLGJOMFOHK	PerkEventRoundStage	applied_or_already_applied
CFNJPKLLHCL	RegisterTagMapping	applied_or_already_applied
CGACIOEIAOL	CheckIsNoDamageChange	applied_or_already_applied
CGAPIABKEJG	SetLong	applied_or_already_applied
CGBEAAEAAHD	AddShopLock	applied_or_already_applied
CGBOJLDGHKE	_active	applied_or_already_applied
CGHHILHAEIB	ByteArrayToString	applied_or_already_applied
CGIEMNMKEAP	_CurrentUserNode	applied_or_already_applied
CGIGKDPBLNM	GetMapping	applied_or_already_applied
CGIJLIBOOGF	Deserialize	applied_or_already_applied
CGIPKABEPLN	onError	applied_or_already_applied
CGJLHJGIGHD	Info	applied_or_already_applied
CGMFJLENCPB	CheckPoint	applied_or_already_applied
CHAHDOJFMDG	GetQuaternionFromMatrix	applied_or_already_applied
CHBHDBLKOAF	QuestActionHideStarterPackTimer	applied_or_already_applied
CHDFJOFGMFC	SetWriteEndMarkerMode	applied_or_already_applied
CHGEGDAGAMB	ConvertTo	applied_or_already_applied
CHHIJABLLMI	GetHeaderValues	applied_or_already_applied
CHIFHBIHHKD	CheckModNameInNamespace	applied_or_already_applied
CHIKFIPEJCJ	RemoveComplexRule	applied_or_already_applied
CHKBKIJNFEN	_renderer	applied_or_already_applied
CHMBDNOBFLD	LibraryVersion	applied_or_already_applied
CHPENHPCMMD	set_IsRequestInProgress	applied_or_already_applied
CHPFCKDHJFD	unconfirmedIds	applied_or_already_applied
CHPMKLJLDPD	bundlesChach	applied_or_already_applied
CIDLGBLLOMA	WinShockRule	applied_or_already_applied
CIFDKNEHEAJ	GetDodgeMissileChance	applied_or_already_applied
CIFIFDOBHDL	IsPathWithDrive	applied_or_already_applied
CIFMIGBGNIG	SetMiddlePoint3D	applied_or_already_applied
CIIIJCNHMAP	IsPackByName	applied_or_already_applied
CINAMLAFLCN	QuestActionSetLowGraphics	applied_or_already_applied
CINDPKJHKKF	heap	applied_or_already_applied
CINIINAGBKA	set_Namespace	applied_or_already_applied
CIOPCCGBPCA	randomInt	applied_or_already_applied
CJBFKLBNAPN	AddRaidHitInfo	applied_or_already_applied
CJBHFGIAHBN	_InterframesList	applied_or_already_applied
CJDFNFIHJLO	UncompressString	applied_or_already_applied
CJFFLAPBGLD	SetRosterFileContent	applied_or_already_applied
CJGFJJJEGHI	CompleteValue	applied_or_already_applied
CJIOLKNMPKL	StartAnimationBot	applied_or_already_applied
CJKADBGPDPE	_isWeaponStrike	applied_or_already_applied
CJKDBDHDHGN	_TextureH	applied_or_already_applied
CJKDJOGNNKD	GetDivisionPoint3D	applied_or_already_applied
CKAOABLDAEF	GetForDodgeMissiles	applied_or_already_applied
CKBJBFPFMFF	SetFixedSign	applied_or_already_applied
CKDEEPLCNBO	CheckAnimationName	applied_or_already_applied
CKDPMGOEKOA	FrameTexture	applied_or_already_applied
CKEDMLJNPGP	wfCamera	applied_or_already_applied
CKHEKLOIEOM	_IsWork	applied_or_already_applied
CKLFKHOPJBF	SendError	applied_or_already_applied
CKLJCBAHJLK	nesting	applied_or_already_applied
CLBEGGLEHMB	PerkActionAddBullets	applied_or_already_applied
CLGENOBFPLL	CheckCountersEndRound	applied_or_already_applied
CLJDGKLPNGK	GetDistance	applied_or_already_applied
CLJKIPAFJFI	HasCommand	applied_or_already_applied
CLKOPAKLMEE	ParseBool	applied_or_already_applied
CLLLJMJCFFD	GetBool	applied_or_already_applied
CLOCODIADEF	_tableIndex	applied_or_already_applied
CMABINBOAOG	EncryptLongValue	applied_or_already_applied
CMDFAEOMPCP	PerkConditionRound	applied_or_already_applied
CMEBNCOBNLE	CumulativeIndex	applied_or_already_applied
CMEFEJJNNDA	longRunningJobProgress	applied_or_already_applied
CMGHJMKFDBO	set_IndentValue	applied_or_already_applied
CMGJIDMIHBN	GetSecKey	applied_or_already_applied
CMIABGEHFFO	PerkConditionCombo	applied_or_already_applied
CMICKBMCOFB	GetAttributesHitMultiplier	applied_or_already_applied
CNAKNBJNPKO	GetState	applied_or_already_applied
CNBHLJNOEPF	Peek	applied_or_already_applied
CNCHOEKEBDB	_AutoPosition	applied_or_already_applied
CNFOLHMGHGO	SetEvadesChances	applied_or_already_applied
CNHAJBPAJAF	EventIntervalEnd	applied_or_already_applied
CNHJIHILLFE	SetQuickAttackRnd	applied_or_already_applied
CNHPHJHAKAD	DrawQuakeEffect	applied_or_already_applied
CNJPAHDKIDJ	PerkUsesLeft	applied_or_already_applied
CNLONHOKBHI	IsMagicAnimation	applied_or_already_applied
CNMECAIJNNJ	PerkActionFlag	applied_or_already_applied
CNMGIOAKKKE	_resultCallback	applied_or_already_applied
CNNBDLALOAM	get_DistanceNode	applied_or_already_applied
CNNILIIJFFC	CompilePerks	applied_or_already_applied
CNOPDMEAODG	PerkVariables	applied_or_already_applied
CNPIMGBPOOL	SetWeaponBot	applied_or_already_applied
COAFCOJEOEH	AddMessage	applied_or_already_applied
COBMNCDDCPN	LoadAsset	applied_or_already_applied
CODBLJFDLAC	IsFightEnd	applied_or_already_applied
COEJLCOJOOF	currencyName	applied_or_already_applied
COEMIAPGNJG	CreateCell	applied_or_already_applied
COIELFGNIDD	CrossModel	applied_or_already_applied
COKBDIICIPD	get_EvadeUnsafeDodgesAnimations	applied_or_already_applied
COMNPJAMDPM	_currentFrame	applied_or_already_applied
CONFABJIJGJ	_Memory	applied_or_already_applied
CONFFGGKGPC	MoveCellToReusable	applied_or_already_applied
CPALPEEEKJD	IsUriProtected	applied_or_already_applied
CPDCMKAAMLH	GetLoadAudioClip	applied_or_already_applied
CPEKCOFEHFH	IsUnicode	applied_or_already_applied
CPHCBNPEHHG	SetSaleEndTime	applied_or_already_applied
CPIPCEMEJPH	_completed	applied_or_already_applied
CPKACAAIFGI	m_PosMask	applied_or_already_applied
CPKGFAGGBPK	Ratio	applied_or_already_applied
CPOKKFKMBNM	CUSTOM_ARGS_SEPARATOR	applied_or_already_applied
DACLDLJLNNC	AddDelay	applied_or_already_applied
DAELKEKILOB	texture	applied_or_already_applied
DAFLOPDJBDK	InitVariables	applied_or_already_applied
DAILENNNPFB	set_Message	applied_or_already_applied
DAJBKCFALHP	DecisionsToAimationsList	applied_or_already_applied
DAKCHFBMLIC	HasAny	applied_or_already_applied
DAKNNGEFJMK	tabs	applied_or_already_applied
DALDHLJOPMD	set_IsImmortalityEnabled	applied_or_already_applied
DAMDKMNJDGK	OnClickButton	applied_or_already_applied
DAOMFPGMKKF	OnStartIntervals	applied_or_already_applied
DBCLHKNNPCE	Names	applied_or_already_applied
DBEDGEMEFNB	frame	applied_or_already_applied
DBEODJFNBHF	_nameRules	applied_or_already_applied
DBLFPBDKILL	get_IsEnabled	applied_or_already_applied
DBNPKPGHMFJ	SetIsBigController	applied_or_already_applied
DBOJBNAAOAD	QuestActionOpenUrl	applied_or_already_applied
DCBIGGOMPBM	EnableFinishButton	applied_or_already_applied
DCHDCPKCHJK	hasFormatReader	applied_or_already_applied
DCJFNDGIDBP	emittedAliases	applied_or_already_applied
DCNCEKPIGMP	ParseFloat	applied_or_already_applied
DDAFBBCIPBF	DefaultHandle	applied_or_already_applied
DDEPKKLLLFA	AddFights	applied_or_already_applied
DDGFMLHBJIG	timeTotal	applied_or_already_applied
DDGIDPBIMIL	_currencyName	applied_or_already_applied
DDHOIEAJLDG	FromCamelCase	applied_or_already_applied
DDNKKOGCDGL	UpdateFightDataDamage	applied_or_already_applied
DDPNEOEIMED	MUSIC_MENU	applied_or_already_applied
DEDFBPDGPJD	get_Throws	applied_or_already_applied
DEEECPINBLE	SetBodyLength	applied_or_already_applied
DEJDBCIIBNO	Content	applied_or_already_applied
DEJLIPMOIHC	Strike	applied_or_already_applied
DEMGOFLPIFL	set_LogNow	applied_or_already_applied
DEOLDIBFHLF	set_InvocationId	applied_or_already_applied
DFAGJILLFDL	SCORE_TABLE_X	applied_or_already_applied
DFAJICELODJ	mappingAlias	applied_or_already_applied
DFALCEKPMEI	_CurrentAlpha	applied_or_already_applied
DFBNJNGHEKI	GetPublicMethods	applied_or_already_applied
DFEAFNMOIIA	countFuncName	applied_or_already_applied
DFEHBFJBFOE	isRenderFight	applied_or_already_applied
DFFKEMBPKKO	Init	applied_or_already_applied
DFGNPNMPMLI	nonlimit	applied_or_already_applied
DFIJHNENENB	RenderEffect	applied_or_already_applied
DFLKLCHAEJP	ReleaseAnyKey	applied_or_already_applied
DFMPKBNMCND	DecodeDirectBits	applied_or_already_applied
DFNBHOEGAHO	_Duration	applied_or_already_applied
DFOBAAFHHGF	set_TacticEquivalent	applied_or_already_applied
DFPCKEBJKCC	StartAnimationEnemy	applied_or_already_applied
DGAPFNLPOAN	ScrollWidth	applied_or_already_applied
DGBFIFPHOCN	set_CookieJarSize	applied_or_already_applied
DGEKMACBIEA	ClearAttackingEdges	applied_or_already_applied
DGILPMANFAF	Size	applied_or_already_applied
DGJOLLPMFOO	QuestActionBuyItem	applied_or_already_applied
DGJPKMMPFOL	GetAngle2DDegreeSigned	applied_or_already_applied
DGLEBOILLDO	OnAuthenticate	applied_or_already_applied
DGOEGOAKGJK	GetFrameError	applied_or_already_applied
DGOFIJOHAEA	styleBarStrips	applied_or_already_applied
DHDGHOODBJI	cachedBundle	applied_or_already_applied
DHGHIFLFDAO	Parse	applied_or_already_applied
DHIFNDDKMKE	MinBufferSize	applied_or_already_applied
DHIHAFJPBFI	_StopFollowFrame	applied_or_already_applied
DHJLAFOPGHD	_logo	applied_or_already_applied
DHKCCIEJNIK	GetDefaultItem	applied_or_already_applied
DHMBCGDKAIL	set_RequestCounter	applied_or_already_applied
DHPAFKCOIHB	indents	applied_or_already_applied
DIAODIFNGLI	PlayerType	applied_or_already_applied
DIDJJNKIKHC	CallOnError	applied_or_already_applied
DIDKIJMPGHL	FileLocks	applied_or_already_applied
DIHJBEFNMBI	GetExpectedWait	applied_or_already_applied
DIMPPLJNNAB	_CachedAtlases	applied_or_already_applied
DINCNFEMCHJ	OpenPauseScreen	applied_or_already_applied
DIOIAGLMPCB	send_bits	applied_or_already_applied
DJBJOICDAED	GetModelDirection	applied_or_already_applied
DJCLDHKIBAA	ResetSingle	applied_or_already_applied
DJCNLBDICFP	_size	applied_or_already_applied
DJHLOCJHIBL	set_IgnoreCase	applied_or_already_applied
DJIODEPANKC	QuestActionShowRaidTutorial	applied_or_already_applied
DJNKGAIGKLN	AnalyzeVersionDirective	applied_or_already_applied
DJNLHKDBFIN	_CheckStarted	applied_or_already_applied
DJPHEHNEHGE	set_MaxFragmentSize	applied_or_already_applied
DJPJCENPDMA	OnCheatClicked	applied_or_already_applied
DKFCDCMHMPL	headerBytes	applied_or_already_applied
DKGBFEAFFGB	SCORE_TABLE_Y	applied_or_already_applied
DKGHPJPFGOE	Textures	applied_or_already_applied
DKHEFOHBGHM	DecryptFloatValue	applied_or_already_applied
DKHOIJJNGOO	ClearGaps	applied_or_already_applied
DKKIBMFIPLI	_BodyPart	applied_or_already_applied
DKKMOJDBEMJ	IsCreated	applied_or_already_applied
DKMGNOKJFIH	InsertString	applied_or_already_applied
DKMJJBKICMH	Json	applied_or_already_applied
DKMKJJGAHMA	QuestActionMenuBtnFlashing	applied_or_already_applied
DLBFECOGCHG	get_NoDecisionMoves	applied_or_already_applied
DLBNJHODOML	waitForEndOfFrame	applied_or_already_applied
DLDKIJMGEHN	_currentIndex	applied_or_already_applied
DLEONBGHPAP	set_color	applied_or_already_applied
DLKNBBOIPNI	IsCloned	applied_or_already_applied
DLLEMBNMDCH	GetValue	applied_or_already_applied
DLMDACPHMBO	set_DeliveryTime	applied_or_already_applied
DLMIJOHLNAB	_comboRules	applied_or_already_applied
DLMNIJIABEP	inst_object	applied_or_already_applied
DLNLGGHDDJL	QuestActionShowStarterPackTimer	applied_or_already_applied
DMAEGELGBLK	_buttons	applied_or_already_applied
DMAMMOCMINH	GetDefenseAttribute	applied_or_already_applied
DMBADJOKGFC	IsIncludeIntervalAttack	applied_or_already_applied
DMBFNKKBNIL	SessionSettings	applied_or_already_applied
DMCHCGJDLHA	_unityLogCallback	applied_or_already_applied
DMCNGIDOGEA	GetDodgeMagicChance	applied_or_already_applied
DMHPAGBDIMB	vbReadStateResult	applied_or_already_applied
DMJPOBCEIBM	MIN_COMBO	applied_or_already_applied
DMMGOLOAIEE	_Points	applied_or_already_applied
DMONIPNJEGB	enemiesModels	applied_or_already_applied
DMPBHHGACBP	PerkActionChangeAdditionalDamageValue	applied_or_already_applied
DNCPKEEINJE	GetASCIIBytes	applied_or_already_applied
DNEFNINBKKF	News	applied_or_already_applied
DNEHIHKLONJ	UpgradeNumber	applied_or_already_applied
DNKHKMDDAOC	GetEnemyItemRules	applied_or_already_applied
DNKPANHNKAA	ApplyNoPerksRules	applied_or_already_applied
DNOGJOFCDBI	SetInt	applied_or_already_applied
DOAGFAAHFGB	_BlockOn	applied_or_already_applied
DOALFKPCOKA	set_RandomizationFactor	applied_or_already_applied
DOBLLKDPIEH	BaseURL	applied_or_already_applied
DOCOLJCJCON	SetVolume	applied_or_already_applied
DODNBPJKLGF	set_NotificationReadTime	applied_or_already_applied
DOEFGJCNLEK	ParseInterval	applied_or_already_applied
DOFHAGCDDGK	Visit	applied_or_already_applied
DOJMJEGFAGN	gridSize	applied_or_already_applied
DOLLOEEIIFF	Assemble	applied_or_already_applied
DOOKLEAOMJL	GetType	applied_or_already_applied
DOPKIGOFIGE	set_Reward	applied_or_already_applied
DOPOHGPJIMK	locker	applied_or_already_applied
DPDBMPPKMCL	_crc32	applied_or_already_applied
DPDIPEMCICG	typing	applied_or_already_applied
DPFFGDMBLKB	QuestActionFight	applied_or_already_applied
DPIHPENAMJJ	get_AttackMoves	applied_or_already_applied
DPJAKGMIOPP	wfMaterial	applied_or_already_applied
DPOHKPAKPPM	GameOverTypes	applied_or_already_applied
EABOCDHDHCF	Levels	applied_or_already_applied
EACLCENGNCH	set_PerFrameValue	applied_or_already_applied
EAGLOBHIHJE	GetLoadText	applied_or_already_applied
EAHBFJEABPK	_OutputList	applied_or_already_applied
EAHOMGCANLF	QuestActionEclipseModeReplayTutorial	applied_or_already_applied
EAKHHMDEBEL	IsTacticPlayableAnimations	applied_or_already_applied
EBAMCFEJION	GetRow	applied_or_already_applied
EBDBLMLJCKH	Save	applied_or_already_applied
EBDHAKBPBMP	SetPosition	applied_or_already_applied
EBEMCGEPHEP	_animationUp	applied_or_already_applied
EBHEOFLGKKL	EndRound	applied_or_already_applied
EBJDNFIJPIE	GetColor	applied_or_already_applied
EBKOLGMHGCG	ResetRules	applied_or_already_applied
EBMCDFNBDLN	string_buffer	applied_or_already_applied
EBMCKFOLNOH	_reward	applied_or_already_applied
EBMPEMKCDGP	Priority	applied_or_already_applied
EBOFFNMENKF	GetThreshold	applied_or_already_applied
ECCMJJPNPMB	CheckDifficult	applied_or_already_applied
ECDHNOFBMDP	GetRuleItemName	applied_or_already_applied
ECEGPDAJEKC	RenderFight	applied_or_already_applied
ECHINOPKGGI	FightCID	applied_or_already_applied
ECIHIJMBEHG	get_MissilesLastIteration	applied_or_already_applied
ECJAILAJFDG	GetMethod	applied_or_already_applied
ECJBLKDKBKA	LongLength	applied_or_already_applied
ECLAEMJEABE	NoHealthBarRule	applied_or_already_applied
ECPMEIMDIOF	PerkConditionComparison	applied_or_already_applied
EDAJOJMCFAM	set_Encoding	applied_or_already_applied
EDEKKCMHGEN	_limit	applied_or_already_applied
EDEKKPIPDGA	set_ChanelID	applied_or_already_applied
EDELGNIFBDK	_CounterRollTime	applied_or_already_applied
EDFFFBJMGDG	InitConfig	applied_or_already_applied
EDGKOKPMPED	DrawChat	applied_or_already_applied
EDIEBLDEIJB	set_MasterVolume	applied_or_already_applied
EDMIAEKHJNG	CallKeyPressed	applied_or_already_applied
EEAPHPAPHHB	AddCurrencyCount	applied_or_already_applied
EEDPMHFAEOF	RefillPerksFromRules	applied_or_already_applied
EEEBABDLBJB	QuestActionSendStrangerStats	applied_or_already_applied
EEEPLAMEIHG	Empty	applied_or_already_applied
EEIOPMNDDJM	_dialog	applied_or_already_applied
EEJNOAKLOLG	Tactic	applied_or_already_applied
EELBHKMHLME	_source	applied_or_already_applied
EFEKDOKLDBL	_startSize	applied_or_already_applied
EFGCBFIEOKH	PerkEventEveryFrame	applied_or_already_applied
EFIMNMBMCIJ	ModHealthChange	applied_or_already_applied
EFLMINIHPMK	ReceiverThread	applied_or_already_applied
EFMPHACAMBE	PerkConditionModExists	applied_or_already_applied
EFMPOCMGFBA	RandomizeBehavior	applied_or_already_applied
EFNLABLGDKC	ApplicationLogSubsctiption	applied_or_already_applied
EFNOIBPOCJC	Clone	applied_or_already_applied
EFOOJHKIGEH	PlayInfo	applied_or_already_applied
EFPBFGGIIBB	UpdatePointsTable	applied_or_already_applied
EGBFNDCHHIL	_sprites	applied_or_already_applied
EGBINOBNOOP	GetFromTablesAttack	applied_or_already_applied
EGIHCIAMJKM	AnimationData	applied_or_already_applied
EGLMKGGDJAP	SetAttributes	applied_or_already_applied
EGMJKOEJEHI	set_Sid	applied_or_already_applied
EGONKDDHONN	_animationFinishButton	applied_or_already_applied
EHBCDCMJEBI	ReadRaw	applied_or_already_applied
EHCAHGPPEJI	_DistanceNode	applied_or_already_applied
EHHOKIBBFLL	DotProduct	applied_or_already_applied
EHLMGKHFHHN	_sources	applied_or_already_applied
EIBKEEBGHIO	TestWall	applied_or_already_applied
EICHJANAIJB	LastUpdate	applied_or_already_applied
EIDAIFDGEAA	SkipWhiteSpace	applied_or_already_applied
EIEKAGBCBDB	set_PowerRequired	applied_or_already_applied
EIIPBBGNNFF	SetFactors	applied_or_already_applied
EINGOEBBPCM	Range	applied_or_already_applied
EJFGOOHFHHB	CurrentRound	applied_or_already_applied
EJFMMGCKNAD	SetParent	applied_or_already_applied
EJHEFEILBEB	_itemReward	applied_or_already_applied
EJHIMACIMAM	SendImpl	applied_or_already_applied
EJLCEJEMCPN	StopAllRules	applied_or_already_applied
EJLIGDCHMOL	progress	applied_or_already_applied
EJNFBCFJFCM	DeleteAnimation	applied_or_already_applied
EKFANNHAOHP	Close	applied_or_already_applied
EKGDBDLPFJO	SetTime	applied_or_already_applied
EKIEKIGHMDM	Camera	applied_or_already_applied
EKJMGFKJJMI	LoadShiftTablesfor	applied_or_already_applied
EKLMKEHPJPM	IsNames	applied_or_already_applied
EKMDDGPJDPD	set_Stale	applied_or_already_applied
EKOPHBOBMDO	get_MovesFirstIteration	applied_or_already_applied
EKPEIGPNGHM	get_IgnoredEnemyAnimations	applied_or_already_applied
ELAHMDNAMOI	inst_int	applied_or_already_applied
ELBDODHOGII	CheckExceptionWeapons	applied_or_already_applied
ELFFAECKNBK	UpdateAltImage	applied_or_already_applied
ELGNDOJMOBH	EventHit	applied_or_already_applied
ELICCPOKFNF	RemoveDuplicateSubtypes	applied_or_already_applied
ELKGJAOHJGM	StoryTutorialStepCode	applied_or_already_applied
ELOMKFDPBJK	Get	applied_or_already_applied
ELPJPCOOFCE	set_StartPingThread	applied_or_already_applied
EMAJJNJGMBN	_endFightContent	applied_or_already_applied
EMBJAOAIMNI	GetText	applied_or_already_applied
EMDHECIHGJL	m_AsyncCallback	applied_or_already_applied
EMDOHDLOIOH	_styleName	applied_or_already_applied
EMHGHCGIHNP	ReadTemplatesName	applied_or_already_applied
EMJGOCEMNBD	ParseArray	applied_or_already_applied
EMKLLACOKLB	SetRandomAnimation	applied_or_already_applied
EMNGKAKFMAB	_bufferBase	applied_or_already_applied
EMNNFABBAKH	Prob	applied_or_already_applied
ENBJNBDOLPK	QuestActionShowVideo	applied_or_already_applied
ENDBEPNPECP	Stream	applied_or_already_applied
ENDLGMLPLLH	ClearActions	applied_or_already_applied
ENEKOGKHHOL	set_IsPostAchievements	applied_or_already_applied
ENGPKOMPHMI	GetFromTablesMove	applied_or_already_applied
ENIBLLAOBNG	set_NonceCount	applied_or_already_applied
ENIGDEHCNMG	ParseTypeBattle	applied_or_already_applied
ENKGAHJKICL	DelayedAnimation	applied_or_already_applied
ENLMGKKFCNN	_framesToEnd	applied_or_already_applied
ENNGGFAPKMB	set_Trigger	applied_or_already_applied
ENNMKJFLKAA	SetString	applied_or_already_applied
ENPLKJMLLIH	QuestActionDialogLottery	applied_or_already_applied
EOANBHCDGHM	GetTemplateNode	applied_or_already_applied
EOAOLCKBHBK	tween	applied_or_already_applied
EOBOKNGBBGF	RaiseOnError	applied_or_already_applied
EOFAJPPKJAL	_Sprite	applied_or_already_applied
EOHBLIIFCGD	kMatchFinderIDs	applied_or_already_applied
EOIEONEBBCA	bundle	applied_or_already_applied
EOIMIPMFENG	removeNodes	applied_or_already_applied
EOIPNDJDMEC	_CapsuleRender	applied_or_already_applied
EOJNMGKJIEP	LOCKER	applied_or_already_applied
EOKOPNFJDHF	ApplyButtonRule	applied_or_already_applied
EOLCLABJCPP	_file	applied_or_already_applied
EOONKPMBNBE	EdgeType	applied_or_already_applied
EOPEJHGGMFL	CheckIntervals	applied_or_already_applied
EPCHNCMJIED	Loadfor	applied_or_already_applied
EPFPLLIAABJ	SetStream	applied_or_already_applied
EPIEIEMLFPJ	GetLoadTextInternal	applied_or_already_applied
EPKGPEGLEDI	SetInFightRules	applied_or_already_applied
EPMPEDOPLAC	RemoveExept	applied_or_already_applied
EPNPAJBLJCE	stageType	applied_or_already_applied
EPOECLDFBOF	GetSequence	applied_or_already_applied
FAALOOIALNF	GetPlayableAnimations	applied_or_already_applied
FABOFPLBKLP	FinishRound	applied_or_already_applied
FADHDBNEDHM	ActionType	applied_or_already_applied
FADNAHMBLCM	bitBuffer	applied_or_already_applied
FAEGMHFMICK	_timeout	applied_or_already_applied
FAGAPAFHBIH	GetBodyStream	applied_or_already_applied
FAGFPONAFOE	CachedScenes	applied_or_already_applied
FAHFOPJPBKL	set_Modificator	applied_or_already_applied
FAJGLMBPGDC	AddPreFight	applied_or_already_applied
FAJGLPJKCOD	SerializeString	applied_or_already_applied
FAOMIOHJOGF	CheckChangeFightRules	applied_or_already_applied
FBBPDABJNAH	SaveDataRoutine	applied_or_already_applied
FBDAHEODOGP	PerkActionSetTactics	applied_or_already_applied
FBEOJNICGNM	set_Sound	applied_or_already_applied
FBFBLKAFOEK	bundlesDependencies	applied_or_already_applied
FBFGLFLPHIF	set_Image	applied_or_already_applied
FBGKDOIMEBD	AddArc	applied_or_already_applied
FBGPMKDJLNE	CompareSingle	applied_or_already_applied
FBHDCIFHJEP	SetActive	applied_or_already_applied
FBJPFJNMGIA	onDone	applied_or_already_applied
FBLKPCHKAHM	PerkActionSetModEffect	applied_or_already_applied
FBONLJIGKKA	QuestActionUpdateScreen	applied_or_already_applied
FBPIIMGNPDG	defaultStripValue	applied_or_already_applied
FCAMPLENMMC	QuestActionShowCredits	applied_or_already_applied
FCCMGPNOBDP	CheckFightType	applied_or_already_applied
FCCPPGDAIEF	ParseInt	applied_or_already_applied
FCGANKGPKGD	NumberCompare	applied_or_already_applied
FCIDOCJILHA	ReadWeaponTypeList	applied_or_already_applied
FCKADIEMEDK	GetStageByName	applied_or_already_applied
FCMPBLPHAIJ	RemoveInFightRule	applied_or_already_applied
FCNMCALBNOP	HasHeaderWithValue	applied_or_already_applied
FCOPFDBEPFD	get_SafeDodgesAnimations	applied_or_already_applied
FCPEMEFLGBB	QuestActionUpgradesCleanup	applied_or_already_applied
FDAGMEAMDAC	DEPRECATED_RAW_SEPARATOR	applied_or_already_applied
FDBIEKELGKJ	TimeStep	applied_or_already_applied
FDEMAMCGLNK	window	applied_or_already_applied
FDFLONOAMFL	valueRef	applied_or_already_applied
FDGLEAHMPGH	GetCounterAttackChance	applied_or_already_applied
FDIHECDFLKI	isBuffer	applied_or_already_applied
FDJAMKKILNL	CheckRulesRender	applied_or_already_applied
FDJJGMBGBLB	RemoteLicenseChecker	applied_or_already_applied
FDKDKKKBIMK	_LastAnimationIsKick	applied_or_already_applied
FDKGMEPIHMA	DEFAULT_VERIFICATION_URL	applied_or_already_applied
FDLPKBGMCBG	GetAssetBundle	applied_or_already_applied
FDONOBJNFJH	_Collisible	applied_or_already_applied
FEBBAPFDODI	EmitEvent	applied_or_already_applied
FEBBENKNAJP	UpdateCRC	applied_or_already_applied
FECHHEDNBNM	set_IsClosed	applied_or_already_applied
FEEEKHNNGDI	needShowExpAndMoney	applied_or_already_applied
FEFPJKFAKCE	RenderStrikeDelay	applied_or_already_applied
FEGELFLECCD	GetFromTablesDodge	applied_or_already_applied
FEHANHPMLIN	GetNextQualityCondition	applied_or_already_applied
FELEKEGNLCB	_baseScrollContent	applied_or_already_applied
FELIKPANLMO	GetValues	applied_or_already_applied
FEMGGEAGICG	ChangingSprite	applied_or_already_applied
FEODOPMJACH	set_Uri	applied_or_already_applied
FEOLMADONJP	PathToResourcesFolder	applied_or_already_applied
FFAAEJNHKAB	_modules	applied_or_already_applied
FFCIPCONGJH	SetVariable	applied_or_already_applied
FFDGFENKBKH	isImplicit	applied_or_already_applied
FFDHLPAFJDH	GetDistanceError	applied_or_already_applied
FFEOCFIFAAL	WriteLengthDistance	applied_or_already_applied
FFFCCEEDMKI	status	applied_or_already_applied
FFGIKHDDGKO	ParseUint	applied_or_already_applied
FFGOKALFNKN	CreateCapabilityTables	applied_or_already_applied
FFJOONEMBKL	SetVector2	applied_or_already_applied
FFLEIFKHPCJ	MakeIdentifier	applied_or_already_applied
FFMMJHKMNDB	GetDenominatedValue	applied_or_already_applied
FFNEEIFNGPH	LogException	applied_or_already_applied
FFNOGNDJHIJ	_InternalComputeCrc32	applied_or_already_applied
FGAGICNOFOE	CompareItemType	applied_or_already_applied
FGBFKPOPHGL	set_HasValue	applied_or_already_applied
FGCODGKLHED	Model	applied_or_already_applied
FGDEPKKCBAF	fsm_return_table	applied_or_already_applied
FGIJOMGCOCP	StartScreen	applied_or_already_applied
FGKJNDKDOCO	CUSTOM_ARGS_PREFIX	applied_or_already_applied
FHEDLFIKBKP	Assert	applied_or_already_applied
FHEEKNPNJGK	ControlRelease	applied_or_already_applied
FHEOIDHGCBH	ModelType	applied_or_already_applied
FHFNMDHPJBN	FrameShift	applied_or_already_applied
FHGOGJDAPJI	SetSegment3D	applied_or_already_applied
FHJCJNFDAPB	Clear	applied_or_already_applied
FHOJCIKOCNK	GetLoadTexture2D	applied_or_already_applied
FHPJJGPJLHD	ProfilePerkContainer	applied_or_already_applied
FIDINHCAKHL	PreloadEffects	applied_or_already_applied
FIHMEHKAOCP	GroupModel	applied_or_already_applied
FIIMJHJLBBP	OutdateLevels	applied_or_already_applied
FILIJOFBNMA	Namespace	applied_or_already_applied
FIONEOGJIPM	p_delegate	applied_or_already_applied
FJAHKFNFNCK	Shift	applied_or_already_applied
FJDJAEKBPMP	set_LeaveOpen	applied_or_already_applied
FJGLHEHGBLG	SetExternalData	applied_or_already_applied
FJHHJOOHEKO	UpdateConditions	applied_or_already_applied
FJHNKDAKAEF	CheckTimers	applied_or_already_applied
FJIKHLBDCNI	ModInvisibility	applied_or_already_applied
FJKOFEMNJDH	GetCountNewItemsByType	applied_or_already_applied
FJMGBGKHIEO	Complete	applied_or_already_applied
FJNJEOPNFAL	Set	applied_or_already_applied
FKAIONLHKCO	streamedFragments	applied_or_already_applied
FKGEGIEPNCD	Pathes	applied_or_already_applied
FKGIOHJMCJO	SetUInt	applied_or_already_applied
FKNAHEIIMIB	Backward	applied_or_already_applied
FLCPCFJDPCH	Boundary	applied_or_already_applied
FLCPOALADEE	SendHeaders	applied_or_already_applied
FLEHPNLKDEM	GetOptimum	applied_or_already_applied
FLLKBEBLENE	QuestActionSetStoryTutorialStep	applied_or_already_applied
FLPHJDIADJD	_externalData	applied_or_already_applied
FLPJNKEENJL	_CheatsPanel	applied_or_already_applied
FMDJLKGEHBD	CreateCheckBox	applied_or_already_applied
FMEPJIMJLFG	set_PingFrequnecy	applied_or_already_applied
FMJOPEIAINP	GetNodesByIndex	applied_or_already_applied
FMKBJMKBIKG	OnDone	applied_or_already_applied
FMLMHNBHMBN	set_IsDecoded	applied_or_already_applied
FMMHHPBLGIE	_nodeName	applied_or_already_applied
FMMNOIBHCEK	SetColor	applied_or_already_applied
FNADODKCACM	SupportedAlgorithms	applied_or_already_applied
FNCLKMBHMNM	set_CurrentFight	applied_or_already_applied
FNFDBIAFIMB	ScanTagUri	applied_or_already_applied
FNGEJFDOLOP	init	applied_or_already_applied
FNHMJCFKGDO	DecryptBoolValue	applied_or_already_applied
FNIEOIDOJCO	IsPlayableAnimations	applied_or_already_applied
FNJHHHIOKBC	ParseMarks	applied_or_already_applied
FNKKGOELNDA	_TacticEquivalent	applied_or_already_applied
FNLFMAAJCAC	PerkConditionMagicCharge	applied_or_already_applied
FNLGBADCELN	_ModelWeight	applied_or_already_applied
FNMNFCOOMOI	Multiplier	applied_or_already_applied
FNNHEKHOEFN	get_Name	applied_or_already_applied
FNPNJGICFPK	ReadHash	applied_or_already_applied
FOAADGFCNOI	CachedConfigs	applied_or_already_applied
FOAKHFBOLEK	_Rotated	applied_or_already_applied
FODFGNELBPG	SetAdditional	applied_or_already_applied
FOEBIHELFMF	LicenseRequestResult	applied_or_already_applied
FOKPBHDIMLB	set_FrictionForce	applied_or_already_applied
FOLIEAONIHE	IsNot	applied_or_already_applied
FONMJIDJAKL	PingInterval	applied_or_already_applied
FOOAAHHDOGP	StringToByteArray	applied_or_already_applied
FOOMGGGGJAP	IntervalNew	applied_or_already_applied
FPEBKBNKNMB	_Color	applied_or_already_applied
FPECACJBHKN	MoveTo	applied_or_already_applied
FPGKKNMBCCH	CheckAnimation	applied_or_already_applied
FPGPMLNPJMA	CachedData	applied_or_already_applied
FPHMFLOHMIL	OnAnimationEnd	applied_or_already_applied
FPLBJFEHEHL	SetBool	applied_or_already_applied
FPMKJKNOOLC	RefreshTacticSetParameters	applied_or_already_applied
GAADIANOIJF	get_RoundTimeTotalFrames	applied_or_already_applied
GAAOCKDPLIB	IsCompareNames	applied_or_already_applied
GAAOFGHLFBG	UpdateFileHash	applied_or_already_applied
GACBFMAAKLJ	AddModel	applied_or_already_applied
GACNMDAJILP	GetBits	applied_or_already_applied
GAFFLDNDHFC	_IsValid	applied_or_already_applied
GAFPKAKFAMC	set_IsMusic	applied_or_already_applied
GAHCPBDPMJC	_currentPosition	applied_or_already_applied
GAHLICNHPJH	EncryptBytesToFile	applied_or_already_applied
GAIKDEEPDNC	GetNextGraphicsQuality	applied_or_already_applied
GAPNGNCIGHH	GetArrayIndexByFrameIndex	applied_or_already_applied
GBHDNJFHNNE	FightEvent	applied_or_already_applied
GBHPJKDMKGG	max_code	applied_or_already_applied
GBJGDJILKDC	IsFPSCounter	applied_or_already_applied
GBKAEJOFPIE	set_Step	applied_or_already_applied
GBLFNGAILHB	Overload	applied_or_already_applied
GBNGDJIMEPA	InverseLocationScale	applied_or_already_applied
GBPDHLKMLLA	RenderCollisions	applied_or_already_applied
GBPNGFIAMKB	ChangeLampIndicatorOpacity	applied_or_already_applied
GCAABNKEIBN	Index	applied_or_already_applied
GCAJFHBPOIC	RequestUsersInfo	applied_or_already_applied
GCAPLEJMMPM	Level	applied_or_already_applied
GCCJGHNNJBM	AntichitingModule	applied_or_already_applied
GCDCDPFPPCL	set_Rotated	applied_or_already_applied
GCDLEGKHBFE	set_Target	applied_or_already_applied
GCDPHDDEFFA	PointsTableType	applied_or_already_applied
GCFBFHMGNCC	InvokeActionRoutine	applied_or_already_applied
GCFDDJLHIJL	_Buttons	applied_or_already_applied
GCGEDBHPDOB	currentIndex	applied_or_already_applied
GCHIOJCOHGL	fightAvgFps	applied_or_already_applied
GCHLFBNEEBO	SetSpan	applied_or_already_applied
GCJCFLLMCCN	_docPacks	applied_or_already_applied
GCJHFJHCFFM	BLOCK_SIZE_BYTES	applied_or_already_applied
GCLNEBOHOGC	DecryptRectValue	applied_or_already_applied
GCNEJDJGAPG	SetQuaternion	applied_or_already_applied
GCOFGEHABIJ	_Path	applied_or_already_applied
GCOIEODAJPK	_progressCallback	applied_or_already_applied
GCONBIHPKJG	_storyTutorialStep	applied_or_already_applied
GCPKAMKHJKH	SaveTo	applied_or_already_applied
GDAJEAEFOEB	set_Description	applied_or_already_applied
GDBOJNBCIFC	_TimeStart	applied_or_already_applied
GDDDGKONMEH	nodesWithUnresolvedAliases	applied_or_already_applied
GDFGMHIKKIL	NextToken	applied_or_already_applied
GDFNFMGLBHP	SetFightIDSByZBF	applied_or_already_applied
GDGAMDDMPJL	GetFrictionForce	applied_or_already_applied
GDHBJFBGNAP	queryBuilder	applied_or_already_applied
GDJBEGFMACD	isFirstStrike	applied_or_already_applied
GDJNIKAENEF	get_CautiousMovements	applied_or_already_applied
GDKHPMIFOCJ	CUDLRCommands	applied_or_already_applied
GDLCPDPEFNB	PreloadSounds	applied_or_already_applied
GDLLPMHMDPC	_Base	applied_or_already_applied
GDLOIBKEELC	RESET_BTN_COOLDOWN_FRAMES	applied_or_already_applied
GDPJHGNJNFO	ChangeButtonTouchZone	applied_or_already_applied
GDPKCKAOFDC	RemoveInterval	applied_or_already_applied
GEAHDEMLBDC	SetWeaponEnemy	applied_or_already_applied
GEDAGABAFIC	GetLong	applied_or_already_applied
GEEFNOJELMN	set_Exception	applied_or_already_applied
GEENLKIDIGM	TimeSyncRoutine	applied_or_already_applied
GEJEFLFABJI	renderTexture	applied_or_already_applied
GEKPINJEPAB	ReadByte	applied_or_already_applied
GEOHFBLGFJK	ShiftSequence	applied_or_already_applied
GEPMMBBHEPD	set_TryWebSockets	applied_or_already_applied
GFFBHIAAPCD	ToJson	applied_or_already_applied
GFIJGHGKGPE	QuestActionSetFBIndicator	applied_or_already_applied
GFJBBIIGLKB	_endRoundType	applied_or_already_applied
GFKCGNPHNAO	RemoveModel	applied_or_already_applied
GFMFDEKLLBA	CameraUpdate	applied_or_already_applied
GFOJGGFNOHA	StopSound	applied_or_already_applied
GFONKNMEPOK	_labelButtons	applied_or_already_applied
GGDKEAMFLGD	CreateRepostAchievement	applied_or_already_applied
GGFFOALPHFI	EncryptVector2Value	applied_or_already_applied
GGFKBGKDALP	PerkActionLifesteal	applied_or_already_applied
GGFOCHJCHKG	_Seed	applied_or_already_applied
GGNEGPAPICJ	instance	applied_or_already_applied
GGPAHMKFNCA	QuestActionRecount	applied_or_already_applied
GHAGODNJPOL	get_Model	applied_or_already_applied
GHHPAECGJAJ	set_IsDictionary	applied_or_already_applied
GHLCANOMKAG	set_Routine	applied_or_already_applied
GHNJIABLKIP	set_Attachments	applied_or_already_applied
GHPPOGOCPOP	SetLife	applied_or_already_applied
GIBFCCMNFPA	QuestActionActivateTimer	applied_or_already_applied
GIDEFHJKGHI	DataReady	applied_or_already_applied
GIFAMGMIMOO	_battles	applied_or_already_applied
GIIGEHIAJKN	DialogsManager	applied_or_already_applied
GIJBCLBPMNF	_levelThresholds	applied_or_already_applied
GIKLDPBAPLO	GetSafetyAnimations	applied_or_already_applied
GIKMPHHIHCA	fightTimeInFrame	applied_or_already_applied
GINMCNPCIPN	QuestActionGotoZone	applied_or_already_applied
GIPPALBGIIC	set_cells	applied_or_already_applied
GJBDNAJNKHM	Copy	applied_or_already_applied
GJDCPEFIFIM	OnClickCheat	applied_or_already_applied
GJEPKICKHHK	QuestActionGiveFreeRecipe	applied_or_already_applied
GJFDEPAHABJ	SaveFullLog	applied_or_already_applied
GJHDMLCDGDB	StartPunchbag	applied_or_already_applied
GJIGJIMGFIK	ScrollViewValueChanged	applied_or_already_applied
GJIMCGIAGJH	RenderRound	applied_or_already_applied
GJMDJMOJMEH	InitRule	applied_or_already_applied
GJNGEHGLLDD	ProbPrices	applied_or_already_applied
GJOCMAHEMFI	HasKey	applied_or_already_applied
GJOIGGLOONA	_pos	applied_or_already_applied
GKBCGPPOJPB	_UnityObject	applied_or_already_applied
GKBCHBDGBNF	ReadMatchDistances	applied_or_already_applied
GKCKAHAMGDO	DialogType	applied_or_already_applied
GKDBFLFHGAP	set_Sprite	applied_or_already_applied
GKGJKFJBNKO	Client	applied_or_already_applied
GKOMKBHAJIJ	QuestActionRemovePack	applied_or_already_applied
GKPEHKFGEBK	ParseSimpleEffect	applied_or_already_applied
GLAKJAIJICF	FromLanguageCode	applied_or_already_applied
GLCENHHNNAE	set_Seed	applied_or_already_applied
GLCKLODLIBE	StartStance	applied_or_already_applied
GLEGKOHHHLK	GetNodeIDByName	applied_or_already_applied
GLGBHNDMIOD	EndRoundType	applied_or_already_applied
GLHNJLHMMAL	_fadeDuration	applied_or_already_applied
GLHOAHDGCHM	_disposed	applied_or_already_applied
GLJCJGIFIEP	InterruptFramesSeted	applied_or_already_applied
GLKICNEJNMC	OnEveryFrame	applied_or_already_applied
GLLDMAEHKEL	ChooseAnimations	applied_or_already_applied
GLNMEMGNAEK	PostStringMode	applied_or_already_applied
GMCCKOAODLC	CheckPlatform	applied_or_already_applied
GMCPGDDGHIE	CombineHashCodes	applied_or_already_applied
GMDJHDKFFJP	RulePassed	applied_or_already_applied
GMEPDPONIGC	GetMatches	applied_or_already_applied
GMFKNNDOKGG	ReadFromStream	applied_or_already_applied
GMGFMBMBBHD	preallocatedSize	applied_or_already_applied
GMGMPKBIIEI	innerTime	applied_or_already_applied
GMLEEHDBJHP	set_ElementType	applied_or_already_applied
GMMIPBHKOHM	AddRange	applied_or_already_applied
GMPCCGCABHM	GetAssetsData	applied_or_already_applied
GNCBNIMEEHA	SealsController	applied_or_already_applied
GNCMCDCHDLP	GetCurrentDirectionToEnemy	applied_or_already_applied
GNDCOACDMKK	automaton_stack	applied_or_already_applied
GNDGEEGBCEG	WriteByteUnaligned	applied_or_already_applied
GNEGBBJJKAI	_btns	applied_or_already_applied
GNEJMMGFCNF	QuestActionBuyPack	applied_or_already_applied
GNEMDPFDMNP	set_Alias	applied_or_already_applied
GNGECGHFHHO	_IterativeProcess	applied_or_already_applied
GNGFFPABCOF	DailyDebugTime	applied_or_already_applied
GNHPIIBNCKB	set_SelectedCell	applied_or_already_applied
GNIBCDMFMPC	_text	applied_or_already_applied
GNIFCJBBJGN	set_AdditionalQueryParams	applied_or_already_applied
GNJIHPCNFJA	GroupLabel	applied_or_already_applied
GNKABIHKLBF	Intersection	applied_or_already_applied
GNKEMCIMCHH	GetCritical	applied_or_already_applied
GNKOLNPFEBJ	StopAndStartTimer	applied_or_already_applied
GNLHPICNLLA	ParseBool	applied_or_already_applied
GNOKLKDKGPP	_expectedValueEmpty	applied_or_already_applied
GNPKLFKPLCM	DefaultTagDirectives	applied_or_already_applied
GNPONCCEEBP	CompareQualityCondition	applied_or_already_applied
GOAKOMPAIMG	reverseBits	applied_or_already_applied
GOALCJBBAIF	CanUsePerk	applied_or_already_applied
GOAPEKACKFG	MoveByVelocity	applied_or_already_applied
GOEFFCAAOBG	OnKeyPress	applied_or_already_applied
GOEOEJGAEIN	Check	applied_or_already_applied
GOGPDPJKGFP	set_AnimationFinishFrame	applied_or_already_applied
GOHIIMFFFJI	name	applied_or_already_applied
GOJCGMLMNBK	UpdateLockItems	applied_or_already_applied
GOKFICMCIGK	MapButtonController	applied_or_already_applied
GOOGNIPMCEM	Intervals	applied_or_already_applied
GPCGDCFEBNJ	_myTimer	applied_or_already_applied
GPCNMMACBHE	ReverseBits	applied_or_already_applied
GPDLBJEMCEB	SetMoveTemplate	applied_or_already_applied
GPGCCLPIDMK	M	applied_or_already_applied
GPGNOGNPPIM	CalculateLinearChance	applied_or_already_applied
GPJNJLFJPCN	_IsPaused	applied_or_already_applied
GPONJBDHIEP	GetRandomFlag	applied_or_already_applied
HAAGAJECLJL	Closest	applied_or_already_applied
HABBBEODFGF	ComplexArray	applied_or_already_applied
HADJGKKMBJN	UpdateMagicCharge	applied_or_already_applied
HADPKILINIE	set_IsFinal	applied_or_already_applied
HAEBJHBAFIJ	SetDistanceAlign	applied_or_already_applied
HAFCHPEPIPA	SetVolumeToChannel	applied_or_already_applied
HAFJEMPOMFM	_Id	applied_or_already_applied
HAHDBEECDNI	get_MoveLengthIntervalsExtended	applied_or_already_applied
HAJBPPLCAIC	set_Data	applied_or_already_applied
HAMNNOFDAPC	RemoveRule	applied_or_already_applied
HANAKBKLEME	send_all_trees	applied_or_already_applied
HANIJAGMCMJ	Buffer	applied_or_already_applied
HAOAKCMICNB	ToString	applied_or_already_applied
HAPBBJDFMGM	set_FightIDS	applied_or_already_applied
HBABDKHDIJG	isRewriteHashes	applied_or_already_applied
HBAELAPNMGE	SendOnNextFrameCorutine	applied_or_already_applied
HBCHFNADCEP	SafeStringLength	applied_or_already_applied
HBCKKEFCDPB	_MapMaskColor	applied_or_already_applied
HBGAAAEPIFP	IsThrowingState	applied_or_already_applied
HBGBGKDAPON	QuestActionSetRaidInfoTutorialStep	applied_or_already_applied
HBGDJLBODAM	EncryptDoubleValue	applied_or_already_applied
HBIFPNOJFGD	DenominateItems	applied_or_already_applied
HBIJINMAAGC	inst_long	applied_or_already_applied
HBKFKINKOEG	Vertices	applied_or_already_applied
HBKKKPNIHHG	StartRangedEnemy	applied_or_already_applied
HBMKIBFLKOA	objectsByAnchor	applied_or_already_applied
HBOLOJHHHMG	set_Muted	applied_or_already_applied
HCGDOMCCFPO	ProcessNumber	applied_or_already_applied
HCJFGJKJMEF	GetBody	applied_or_already_applied
HCLABEOLHHC	ConditionHealth	applied_or_already_applied
HCLNLIHADBD	AddIDs	applied_or_already_applied
HCMLGHBJPLG	_Exists	applied_or_already_applied
HCNLBHJMHAN	IsDistanceWithin	applied_or_already_applied
HCOKIBKLMOG	AddAttachmentFromServer	applied_or_already_applied
HDAECKJEMMK	p_event	applied_or_already_applied
HDFMGLEADIG	Log	applied_or_already_applied
HDINENBBBIC	showZoomEffectCount	applied_or_already_applied
HDNKCOKEGKJ	_hasRandomSeed	applied_or_already_applied
HDOBKKINEPA	_fightsNames	applied_or_already_applied
HDOCEMPGDIC	Interframes	applied_or_already_applied
HEAFOEFMMFA	ProcessEscChar	applied_or_already_applied
HEBGCKMBEOM	_tr_tally	applied_or_already_applied
HEBPNANMBJF	resultNumber	applied_or_already_applied
HEEDDKBLNCF	SetAvailable	applied_or_already_applied
HEEPOHABMLN	_spacing	applied_or_already_applied
HEFJLOMNIPL	isRenderCamera	applied_or_already_applied
HEFNADHLEIE	ShuffleList	applied_or_already_applied
HEICPPCKGLL	SetFileNames	applied_or_already_applied
HEIGLNGHGHL	GetVector3	applied_or_already_applied
HEINPOGHLEN	Contains	applied_or_already_applied
HEJHCEMNFDK	IsSecureProtocol	applied_or_already_applied
HEJMCJKDEHI	delims	applied_or_already_applied
HEJODAELBGM	FILE_PATH_PERK_ACTIVATION_AREA	applied_or_already_applied
HEJOGCAEJMC	GetCrc32	applied_or_already_applied
HEOCIOGMDKG	LocationSelector	applied_or_already_applied
HEPEOCEMMAJ	_volumesByClips	applied_or_already_applied
HFDAGGPDMEL	Locker	applied_or_already_applied
HFDKKKDNANL	QuestActionShowRaidFightTutorial	applied_or_already_applied
HFDOBLNECKO	SetDecisionList	applied_or_already_applied
HFGODNJELAE	ScanTagHandle	applied_or_already_applied
HFIDNCBBMEO	GetTotalDamage	applied_or_already_applied
HFIIPNLCIEE	IntervalAttack	applied_or_already_applied
HFILCLMKABD	QuestActionShowSetTutorial	applied_or_already_applied
HFJGDINOKLG	GetEndOfFunc	applied_or_already_applied
HFKPJPBCIEK	StyleGain	applied_or_already_applied
HFLBDGJHEIA	QuestActionEclipseMode	applied_or_already_applied
HFLLBMGBIBL	NewFrame	applied_or_already_applied
HFNMFBHDFOL	RepeatTime	applied_or_already_applied
HFNPFNEILDD	FileNames	applied_or_already_applied
HFOPEMOFEEN	LogStart	applied_or_already_applied
HGHFGNNDMNG	_cache	applied_or_already_applied
HGIKOKGHMGC	RefreshTacticParamWithRaidData	applied_or_already_applied
HGJEAICHMJF	GetFrameByFrameIndex	applied_or_already_applied
HGOLHBNDKFG	QuestActionShop	applied_or_already_applied
HGOODCGIEFM	TryGetAnchor	applied_or_already_applied
HHBIHGJAOEA	_activePerksContainer	applied_or_already_applied
HHCOONFCMEN	GetConvOp	applied_or_already_applied
HHDAKOMILBK	Emit	applied_or_already_applied
HHDLBLGIFAL	max_nesting_depth	applied_or_already_applied
HHFJFOAMCIJ	set_ShowExpiration	applied_or_already_applied
HHGLEIDKGEB	set_ButtonName	applied_or_already_applied
HHGPIJFMNNJ	_NewsCounter	applied_or_already_applied
HHICAMNBLMM	RulesInspector	applied_or_already_applied
HHIMIEDLCNH	add_ValueAvailable	applied_or_already_applied
HHKMDIJFAEB	set_PingFrequency	applied_or_already_applied
HHMDDFCJDEO	PerkActionClearAction	applied_or_already_applied
HHOJHNPKKFB	ConditionCompare	applied_or_already_applied
HHPAEJNAAMB	QuestActionChangeScene	applied_or_already_applied
HIAIEMFHBAH	PerkConditionPain	applied_or_already_applied
HIAIFKNJIKH	kBitModelTotal	applied_or_already_applied
HIAMOMGNEKK	set_RootCacheFolderProvider	applied_or_already_applied
HIANNNJHHGC	_ignoreUnmatched	applied_or_already_applied
HIBNMFPHFGH	_holdRoutine	applied_or_already_applied
HICOKBJDFLE	StatisticCrazyStyleToString	applied_or_already_applied
HIEDJENPKFD	set_Datapath	applied_or_already_applied
HIFKAIPDKMJ	_items	applied_or_already_applied
HIIMAPAMIMG	StopTimerWithMessage	applied_or_already_applied
HIKAHIOIHIA	QuestActionForge	applied_or_already_applied
HILMPLLCCHG	CreateUnityObject	applied_or_already_applied
HIMLBDALMPH	ToJsonData	applied_or_already_applied
HINCIIBDBIH	get_QuickAttacks	applied_or_already_applied
HIPPDEFEJDG	_solid	applied_or_already_applied
HJAAEFFJHDE	set_ShiftWallDelta	applied_or_already_applied
HJACPPDCBBK	Unregister	applied_or_already_applied
HJELJPEPPFF	get_Type	applied_or_already_applied
HJHHGDJEJDD	nowInterval	applied_or_already_applied
HJHHIDEGLLH	Images	applied_or_already_applied
HJKFKFBAKFL	GetPublicInstanceProperties	applied_or_already_applied
HJNFKGMMLMA	set_Sign	applied_or_already_applied
HJODCJAAMBM	set_BodyLength	applied_or_already_applied
HJPHCMLIHKD	color	applied_or_already_applied
HKAIEFPJJBL	GetObjects	applied_or_already_applied
HKCEDKFOGMB	IsType	applied_or_already_applied
HKDHHIFNDPO	ParseParticleEffect	applied_or_already_applied
HKDOEEKAHNP	InitializeInflate	applied_or_already_applied
HKIFDGCAKHL	ClientArea	applied_or_already_applied
HKLNNHLAIHI	_Line	applied_or_already_applied
HKLPIFGKOBC	GetTacticsTableName	applied_or_already_applied
HKPPBKPJOEO	node	applied_or_already_applied
HLAIPKFHEEL	lastTypingTime	applied_or_already_applied
HLIPHPHKCJJ	IterativeLine	applied_or_already_applied
HLMGPDHHHJA	Point	applied_or_already_applied
HLMNLHNFPJD	PlayMusic	applied_or_already_applied
HLOEMFIDDNK	Call	applied_or_already_applied
HLOHBEFNOCK	ColorsSimilar	applied_or_already_applied
HLOKKEGJAPA	IsWeaponOrder	applied_or_already_applied
HLPACMGGHMN	FindNearestEnemy	applied_or_already_applied
HMCMFCDHGIG	nowPos64	applied_or_already_applied
HMEBALIPOLB	GetIndexExtension	applied_or_already_applied
HMENJPEPPMA	_CommandArgsSeparator	applied_or_already_applied
HMGJIBIKCJN	_Names	applied_or_already_applied
HMGKKGANOAL	showButon	applied_or_already_applied
HMGKPIKGKLJ	PutPerkFromRule	applied_or_already_applied
HMKAIPMCOOL	set_ReturnValue	applied_or_already_applied
HMKFBKHNPJN	SetInFightRule	applied_or_already_applied
HMKMGAAFOIA	OnProgressContent	applied_or_already_applied
HMLPAAMALAA	p_onDownloadComplete	applied_or_already_applied
HMMAAGOEFKO	allowDoubles	applied_or_already_applied
HMOBDIFKBBO	_RequestTimeout	applied_or_already_applied
HNAEGOCHIAP	ClearModules	applied_or_already_applied
HNAEMEBLFOL	ChangeTactic	applied_or_already_applied
HNLBIPKJEAD	ActionStopSound	applied_or_already_applied
HNLPMBIHHID	SetBufferFrame	applied_or_already_applied
HOAOKBFAGNP	builder	applied_or_already_applied
HOAPOKODJAM	bi_buf	applied_or_already_applied
HOCNKOKJMJM	ConfigureCellWithRowAtEnd	applied_or_already_applied
HOGFLOLGGOL	Label	applied_or_already_applied
HOJKNNDIJLH	set_MustRevalidate	applied_or_already_applied
HOKGPEPKEIP	get_Evades	applied_or_already_applied
HOOAIFDBNOP	GetPublicProperties	applied_or_already_applied
HPBKBDHFPFD	IsMissileAnimation	applied_or_already_applied
HPIMFFJGOCE	IncreaseExp	applied_or_already_applied
HPKMLIKNBMH	ProcedPerks	applied_or_already_applied
HPLAPECFFHO	CopyNodeToNode	applied_or_already_applied
HPLGLAKMGJJ	set_AdditionalDamageValue	applied_or_already_applied
HPMFGAADLGE	Reset	applied_or_already_applied
HPOBJPMAOHJ	QuestActionShowForgeTutorial	applied_or_already_applied
IACKPMNLOCO	_Shader	applied_or_already_applied
IADFHLDKOJP	OnGetHit	applied_or_already_applied
IADLPBPGLKO	check	applied_or_already_applied
IAEEPHNBLCB	ComboCounter	applied_or_already_applied
IAEGEMIJHOI	DateString	applied_or_already_applied
IAFOBLCPEGI	SafeEquals	applied_or_already_applied
IAGJPAKENMA	OnStopAnimation	applied_or_already_applied
IAKGPAEKDPK	_endFightRule	applied_or_already_applied
IALLOBDDADG	Train	applied_or_already_applied
IALPNLPPCPC	set_Label	applied_or_already_applied
IAMGPLGBBGH	IsBackWall	applied_or_already_applied
IANIIBNGADG	Distance	applied_or_already_applied
IBAKGGEHODB	GetByte	applied_or_already_applied
IBBABKIBJKD	PutByte	applied_or_already_applied
IBBAMMHHBFE	resultSTR	applied_or_already_applied
IBBCOBDLOPE	texturePath	applied_or_already_applied
IBBPKMIGFLI	ResetLastStrike	applied_or_already_applied
IBCHINNCNCD	GetPrice	applied_or_already_applied
IBDBOPLCONC	PrizeExp	applied_or_already_applied
IBDDNLALNGB	set_Position	applied_or_already_applied
IBDMDIMJDAN	HexToColor	applied_or_already_applied
IBGALNLGMKG	IsDistanceStrike	applied_or_already_applied
IBHGDHFOAGF	_rulesAndWarriorsSet	applied_or_already_applied
IBLDAOOKJKK	EmailLog	applied_or_already_applied
IBLPCHIFCAD	_transform	applied_or_already_applied
IBMLMEOGKDG	set_IsReference	applied_or_already_applied
IBMNBEGDMBJ	_level	applied_or_already_applied
IBNANFOMBIJ	OnLoadAchievements	applied_or_already_applied
ICAAKPFLGOJ	inst_boolean	applied_or_already_applied
ICDAJKIADAN	timer	applied_or_already_applied
ICEDKKFLLIJ	Middle	applied_or_already_applied
ICKBPGGADNE	SpeedScrollAchievements	applied_or_already_applied
ICLOAGENLJG	TacticalTable	applied_or_already_applied
ICOBEDFHLAC	set_Counter	applied_or_already_applied
ICODBLFIOGM	_distances	applied_or_already_applied
ICPEILCKIPO	anchorsByObject	applied_or_already_applied
IDBFFDPLIPN	FindOption	applied_or_already_applied
IDBNIGDLPLK	HasRandomSeeds	applied_or_already_applied
IDCIPCJHOJO	TimeoutWinRule	applied_or_already_applied
IDDHECOKKJN	ConditionType	applied_or_already_applied
IDJMEJIOMCA	GetBlock	applied_or_already_applied
IDKBLENAMJL	HASH_ARRAY	applied_or_already_applied
IDLHOHGMADF	WriteUInt16	applied_or_already_applied
IDPFFJKGPAG	_lockLifeUpdate	applied_or_already_applied
IDPKJGEMIJE	ParseObject	applied_or_already_applied
IDPLCGEPILG	OnLoginComplete	applied_or_already_applied
IEBAHEFDAKE	GetRoot	applied_or_already_applied
IECKJGFDBHB	set_IsBackground	applied_or_already_applied
IECKJLGDPGE	SkipBits	applied_or_already_applied
IEEAGGDCHKF	Placeholder	applied_or_already_applied
IEGLLBNMMDI	MergeState	applied_or_already_applied
IEIKHFJOEDF	GetInt	applied_or_already_applied
IEJLEAJNCBI	Message	applied_or_already_applied
IEPLBLEOAGJ	_TemplateNames	applied_or_already_applied
IEPMMEMNAPA	OnIntervalEnd	applied_or_already_applied
IFANKCHCKBC	ObjecOrDefault	applied_or_already_applied
IFFNKHDEJJC	Weight	applied_or_already_applied
IFIABMOCGBJ	DecryptFileToBytes	applied_or_already_applied
IFKJHHPJPLP	path	applied_or_already_applied
IFLKABMONFI	ReadBuffer	applied_or_already_applied
IFLNMEMIDDF	RemoveIntervals	applied_or_already_applied
IFNCCIAKDHE	ReadChunked	applied_or_already_applied
IFNPGAFFDNC	Compare	applied_or_already_applied
IFOFMHOPAFJ	RenderPhysics	applied_or_already_applied
IFPGAFPIGNI	set_PollDelay	applied_or_already_applied
IFPJNICICPH	ColorToInt	applied_or_already_applied
IFPOAGEPNIJ	InitializationModule	applied_or_already_applied
IGANIGBNMHN	randomChance	applied_or_already_applied
IGDDHFCDELM	PerkActionSetModFrames	applied_or_already_applied
IGDFPECMFIO	OnHitEnemy	applied_or_already_applied
IGDNIECONNK	_leaveOpen	applied_or_already_applied
IGGAJIPNNLF	set_AiOn	applied_or_already_applied
IGIJKJNIDJH	anchors	applied_or_already_applied
IGJKMHMNBEA	GetRationForDifficult	applied_or_already_applied
IGMCKCHHACE	SetItemRules	applied_or_already_applied
IHAFBCJGALO	_QuestsManager	applied_or_already_applied
IHBFJCJBBAB	_nestedObject	applied_or_already_applied
IHCDKDONJLO	_FrameRound	applied_or_already_applied
IHCJALMGIJJ	get_BothBotEnabled	applied_or_already_applied
IHCNFFCFNLA	ApplyRules	applied_or_already_applied
IHCOMAADJKJ	ResetPressType	applied_or_already_applied
IHEPPCJBDND	AvatarRule	applied_or_already_applied
IHGGGFFBKBG	GetInfos	applied_or_already_applied
IHGPGHGOOLF	SetTransitions	applied_or_already_applied
IHJGAHMEPAI	SumWithRange	applied_or_already_applied
IHLDPBBNONH	_itemTypes	applied_or_already_applied
IHMKFDBMEIP	SetModelPosition	applied_or_already_applied
IHNDAICFOHD	UpdateLevel	applied_or_already_applied
IHNOMBLMLPP	Error	applied_or_already_applied
IHPBBHNIMIM	RetryCalled	applied_or_already_applied
IHPMGHJPLBP	index	applied_or_already_applied
IIBLGJPKFJN	MANY	applied_or_already_applied
IIBOBBLONII	ClearRules	applied_or_already_applied
IIDHHHECNMB	Iterative	applied_or_already_applied
IIDMMHBBBAE	Load	applied_or_already_applied
IIFFPBLOKKC	symbol	applied_or_already_applied
IIHKOGKDKOM	SetRowsCount	applied_or_already_applied
IIIHDHMOIGL	get_IsFightOver	applied_or_already_applied
IILPMMPBEON	PerkConditionRandom	applied_or_already_applied
IIOLOOBPDMF	_WeaponTypeList	applied_or_already_applied
IIPNJBOAFOP	UpdateLife	applied_or_already_applied
IJDNBCFFFPL	Invoke	applied_or_already_applied
IJFJJGMBGFB	StringFunctionSlice	applied_or_already_applied
IJHAMNBNKEC	GetKey	applied_or_already_applied
IJHEBECLLHK	RemovePerkInfoItemIfExist	applied_or_already_applied
IJIMLLIHKGN	reader	applied_or_already_applied
IJJBKMKADKE	_searchDirectory	applied_or_already_applied
IJMGECKNKMH	anchorValidator	applied_or_already_applied
IJPOBPOIEDH	SetDecoderProperties	applied_or_already_applied
IKALJHDMLCC	Send	applied_or_already_applied
IKBBCHBNOHK	get_TablesHoldersNew	applied_or_already_applied
IKBDIFFCADN	DrawFrame	applied_or_already_applied
IKFFHMFIGON	_notShowRateFights	applied_or_already_applied
IKFKGFNPPCI	CallKeyReleased	applied_or_already_applied
IKGEMHCFGGA	set_RoundStage	applied_or_already_applied
IKGJICOODJB	GetDelayByName	applied_or_already_applied
IKJIDFPAOME	IsStepName	applied_or_already_applied
IKJLKHEDDLJ	_dlg	applied_or_already_applied
IKKIPBNMJEI	detectionAction	applied_or_already_applied
IKNBNPEOAKP	DownloadFileRoutine	applied_or_already_applied
ILAALCJBOOI	_index	applied_or_already_applied
ILALPHKCLCA	sequence	applied_or_already_applied
ILANMPAHHEK	ActionHitEffect	applied_or_already_applied
ILBLGFOADCG	GetIndexByte	applied_or_already_applied
ILCCDINCICK	nodes	applied_or_already_applied
ILCEGPKAKAJ	_sequenceName	applied_or_already_applied
ILDBPGBFBDA	_frames	applied_or_already_applied
ILFKENOPEMA	get_EmergencyDodgesAnimations	applied_or_already_applied
ILHCBJBMDEK	CheckButtonRules	applied_or_already_applied
ILJBDOGEFEJ	set_MappedNameIDX	applied_or_already_applied
IMBKBPNPNHL	set_IsInFight	applied_or_already_applied
IMBMNGOOKLH	deviceIdHash	applied_or_already_applied
IMBNDCNHJDC	FindMatchFinder	applied_or_already_applied
IMCDMCKMPHL	NormalizeLinks	applied_or_already_applied
IMHAOACIABB	set_Headers	applied_or_already_applied
IMNKEBBJNKM	UpdateFactor	applied_or_already_applied
IMPHONCGFGP	CritProbablity	applied_or_already_applied
INAGOJCFEKO	_strikeRules	applied_or_already_applied
INALFMOMPBK	Islevel	applied_or_already_applied
INGDMNDFIKG	set_ReconnectAttempts	applied_or_already_applied
ININDCLJPAC	set_BufferSize	applied_or_already_applied
INJNCLFDJAG	QuestActionDeliver	applied_or_already_applied
INKPKKJOFPH	CompareVectorsWithTolerance	applied_or_already_applied
INLNLOGCBJC	order	applied_or_already_applied
INMPMLGPGCB	TricksController	applied_or_already_applied
INODIOJPNJH	Recipe	applied_or_already_applied
IOBPGAMINLA	GetDistanceModels	applied_or_already_applied
IOHAOMLJECE	Value	applied_or_already_applied
IOHBDONNBEI	SetSpriteFrame	applied_or_already_applied
IOJMCFPMLLA	GetItemRules	applied_or_already_applied
IOPIIDPENEA	roundDuration	applied_or_already_applied
IPDDOHPFNHE	musics	applied_or_already_applied
IPFILBIEBKE	GetRoundStage	applied_or_already_applied
IPFPCIKEPCG	ClosestVersion	applied_or_already_applied
IPGDMLHNOAF	IsFitBotAnimation	applied_or_already_applied
IPGOEPJPGLE	GetIntervals	applied_or_already_applied
IPIEEOBKJBP	_timeoutRules	applied_or_already_applied
IPKNDMINFMJ	ScreenType	applied_or_already_applied
IPMFKJKAKKE	GetResponseDelay	applied_or_already_applied
IPMPJGPHABK	GetSettingsXML	applied_or_already_applied
JAAIDEMLBDH	RetryCount	applied_or_already_applied
JAAIJLBLNPK	GetVector2	applied_or_already_applied
JABHECFBCNK	endOfStream	applied_or_already_applied
JABPHKIJKPI	READ_PHONE_STATE	applied_or_already_applied
JACHIDDAFMG	RenderRaidEndFight	applied_or_already_applied
JADAMMBKABJ	SetType	applied_or_already_applied
JADENNAEDKB	SetCurrentNode	applied_or_already_applied
JAFAMEDPAOJ	viewerFight	applied_or_already_applied
JAGEIEJLHPA	ReportProgress	applied_or_already_applied
JAKABJLEEIF	CopyBlock	applied_or_already_applied
JAKAMPCIEJE	_indexSlider	applied_or_already_applied
JAKJMLMLOJD	ParseLong	applied_or_already_applied
JAMCKLIKNFM	modelsColor	applied_or_already_applied
JAMGHMPHBMC	ApplyNoAnimationRules	applied_or_already_applied
JANIAFIBABK	AddLength	applied_or_already_applied
JANIHCNMDHA	isStopFight	applied_or_already_applied
JAODOFEMJMP	SetStreams	applied_or_already_applied
JAONFNGDAFK	WriteIndicator	applied_or_already_applied
JBBDEHKANCH	ResetRandomRules	applied_or_already_applied
JBDENECMGIB	_table	applied_or_already_applied
JBFGDNABHKD	CreateVersion	applied_or_already_applied
JBLNJACJCNE	l	applied_or_already_applied
JBMCDMNPILN	ArraysEquals	applied_or_already_applied
JBNLNKHKJIL	set_RenderedValue	applied_or_already_applied
JBNNHFGGMPE	Decrypt	applied_or_already_applied
JCEBJGGGDDF	IsExists	applied_or_already_applied
JCIPBHDNKJJ	ParseFloat	applied_or_already_applied
JCIPEGMMNNJ	set_Name	applied_or_already_applied
JCKHNJBNBAJ	QuestActionVariable	applied_or_already_applied
JCKKKPIJGIA	set_Tactics	applied_or_already_applied
JCMDJCKBDCM	chinaBreaks	applied_or_already_applied
JCMJHAGMFNC	QuestActionShowMapButton	applied_or_already_applied
JDANIGKANHK	NonSwitchStrings	applied_or_already_applied
JDHKIJEIDCO	EventTriggers	applied_or_already_applied
JDKMBAAJMKH	FRAMES_IN_SECOND	applied_or_already_applied
JDLFOFGJDIE	get_MagicAnimations	applied_or_already_applied
JDLLFCPGEME	ForgeManager	applied_or_already_applied
JDLNPHBNLLF	URL	applied_or_already_applied
JEAJHLJKEPD	BASE	applied_or_already_applied
JEALKLMLBLO	ParseLayer	applied_or_already_applied
JECKHBIIDDH	GetNodeX	applied_or_already_applied
JEDAJIIEBBP	VisitNode	applied_or_already_applied
JEDBJFMHGCH	IsPlayer	applied_or_already_applied
JEDGFBLAELN	_email	applied_or_already_applied
JEEEKOGCHMB	Node	applied_or_already_applied
JEGLOGBPCIK	ExecuteCommand	applied_or_already_applied
JEIJPLLOCLD	IsControlKeys	applied_or_already_applied
JEKNFBICDMN	_levelStep	applied_or_already_applied
JENMAIKGPNM	ToFloat	applied_or_already_applied
JENOBFIOAHD	HEAP_SIZE	applied_or_already_applied
JEPJBCIAJKA	AddTemplateName	applied_or_already_applied
JFDAFJIMFBC	VisualObjectType	applied_or_already_applied
JFFINEGLEEN	AnimationSpeed	applied_or_already_applied
JFJLNBJALDM	ClearRandomRules	applied_or_already_applied
JFJMCKNMKCK	SetScale	applied_or_already_applied
JFKLHGABCAN	PushToFile	applied_or_already_applied
JFLOHJIDGBD	AddBundleData	applied_or_already_applied
JFNJEPHKIDD	gf2_matrix_times	applied_or_already_applied
JFPEEMMKGAP	ApplyChangeFightRule	applied_or_already_applied
JGAJNNNLJBF	currentToken	applied_or_already_applied
JGEEEDKMKKH	output	applied_or_already_applied
JGFCECHPEEK	IsUninteruptIntervalEnd	applied_or_already_applied
JGFGLJOMFCL	_resistanceValue	applied_or_already_applied
JGFOFBPDLCE	_IsShock	applied_or_already_applied
JGGEFKPCLDH	_isStart	applied_or_already_applied
JGKALAILHCE	attachments	applied_or_already_applied
JGMEEDKLMGM	ToInt64	applied_or_already_applied
JGMLAFOPBBC	data	applied_or_already_applied
JHCEDEEADEF	set_IsPreAuthRequired	applied_or_already_applied
JHCGMHGANKG	SetRangeHeader	applied_or_already_applied
JHCOKLEGDNF	GetTableAttackChance	applied_or_already_applied
JHFIFGCAIFP	randLCG	applied_or_already_applied
JHHONHJOCEP	set_render	applied_or_already_applied
JHJLFGJOJDD	ReadChunkLength	applied_or_already_applied
JHJPEFFBMFM	ShopOverride	applied_or_already_applied
JHPEOJILIKI	PerkConditionBullets	applied_or_already_applied
JIBHCNGKIMF	GetWeight	applied_or_already_applied
JIDIGAOAGKG	depth	applied_or_already_applied
JIHCEIIDMGA	PhysicsNodes	applied_or_already_applied
JIJCBBGHICP	NameRule	applied_or_already_applied
JINIAJEBAEL	SetModelOnListening	applied_or_already_applied
JJIOADLDPPE	GooglePlayLicenseCheckError	applied_or_already_applied
JJKMCENDEHI	GetLoadTexture2DInternal	applied_or_already_applied
JJMMNLKNNFK	ToInt	applied_or_already_applied
JJNADEHHJNO	Encrypt	applied_or_already_applied
JJPGFOFLJNN	PerkConditionCurrentInterval	applied_or_already_applied
JKBDBDPDILJ	set_ExpirationVer	applied_or_already_applied
JKBEIEPBHOD	f	applied_or_already_applied
JKHGHDMDEGF	_randomRules	applied_or_already_applied
JKHIBMJDLOA	QuestActionNews	applied_or_already_applied
JKIBLIBEOFF	OnModelHit	applied_or_already_applied
JKJCKLPGKHG	op_Multiply	applied_or_already_applied
JKLGBMKAGNF	SetPositionY	applied_or_already_applied
JKLLGOCPPJD	number_format	applied_or_already_applied
JKNHDJLBJBJ	AttachFileModule	applied_or_already_applied
JLBMHANFILJ	IsPerkByNames	applied_or_already_applied
JLDDKHLGMLG	LineBufferPos	applied_or_already_applied
JLFPJDEELCB	ClearTables	applied_or_already_applied
JLIGEJBNAOP	IsRandom	applied_or_already_applied
JLINNJGCFOG	Module	applied_or_already_applied
JLJNELGOLBP	GetRedirectUri	applied_or_already_applied
JLLHEKOKBGL	_gameObject	applied_or_already_applied
JLOHJAHAJCM	get_IsRaidFight	applied_or_already_applied
JLOJJJDIICK	roundTotal	applied_or_already_applied
JLPEDBHGBEB	Low	applied_or_already_applied
JMBDIFGPCMP	SetSound	applied_or_already_applied
JMCPDENPHDO	round	applied_or_already_applied
JMDMECLJPIF	Target	applied_or_already_applied
JMGNGOCELEE	_Texture	applied_or_already_applied
JMHJPDIPBIA	GetMatchLen	applied_or_already_applied
JMHMDIFIFJA	_current	applied_or_already_applied
JMICKOBHKBC	ShiftModelPosition	applied_or_already_applied
JMIMEMABACF	GetAudioClip	applied_or_already_applied
JMKFMGEPHLH	_texturePath	applied_or_already_applied
JMLAIFBEPLL	Url	applied_or_already_applied
JMMKPJAIKLJ	ParseXmlNoDtd	applied_or_already_applied
JMNLIPEIKAF	_inputStreamSizeModulo	applied_or_already_applied
JMONJOLFHLO	UseCompressed	applied_or_already_applied
JNCPKGNDJOI	GetItemEquivalent	applied_or_already_applied
JNEAGPLHJIN	OnLampClicked	applied_or_already_applied
JNECFHMADPE	set_Z	applied_or_already_applied
JNFFFIOJAFC	set_IsInitialized	applied_or_already_applied
JNGHALPFJLN	is_dictionary	applied_or_already_applied
JNIAPMFAEKO	HasItem	applied_or_already_applied
JNKAKLDNKMB	tableViewScroll	applied_or_already_applied
JNPIOKEKMII	Achievement	applied_or_already_applied
JOBOIJAJAIA	Atlas	applied_or_already_applied
JODLJLGPDEO	LastPoll	applied_or_already_applied
JOHAKCBMCFP	hex_seq	applied_or_already_applied
JOJGOOEMDDF	kStopSwitchParsing	applied_or_already_applied
JOKLCPBCLEB	UnsetLengthLimit	applied_or_already_applied
JOLMFCJCLCH	_Step	applied_or_already_applied
JOMMFHEMEKD	UpdateAnimationParameters	applied_or_already_applied
JONFNPIDLLE	QuestActionShowAd	applied_or_already_applied
JONMJFCIKON	ScreenFightType	applied_or_already_applied
JOOALJEFLNI	IsOkLocale	applied_or_already_applied
JOOLHNMIILF	SimpleArray	applied_or_already_applied
JOPONFMDIKE	CharProgLevel	applied_or_already_applied
JPCHBCLGMLK	BulletType	applied_or_already_applied
JPEKPBABMHL	IterativeNode	applied_or_already_applied
JPFABJIDHPE	InsertStrings	applied_or_already_applied
JPFPPGPJHKN	MaxRetryCount	applied_or_already_applied
JPGNCCLPAPN	_Delays	applied_or_already_applied
JPMKLOJFCIH	_fight	applied_or_already_applied
JPMOEKPMFCE	set_NameAction	applied_or_already_applied
JPOCKMEJMFO	_avatarRules	applied_or_already_applied
JPOFGLDFIKL	_musicChanels	applied_or_already_applied
JPPEMFCHGNJ	ParseNumber	applied_or_already_applied
KAAIIKJLEOI	Wait	applied_or_already_applied
KABGLLCIMOO	ColorToHex	applied_or_already_applied
KACDMIFHFAK	checkfn	applied_or_already_applied
KAEDDGMNCBE	_TemplateTemp	applied_or_already_applied
KAEDPEBLMLL	ParseNewsForLocale	applied_or_already_applied
KAMDHEEJGPD	BuiltQueryParams	applied_or_already_applied
KAMGACHFHGB	QuestActionSwitchToRaidsMap	applied_or_already_applied
KAMMGDHOHKA	dyn_tree	applied_or_already_applied
KANLIOKPIKC	ClearImpl	applied_or_already_applied
KAPJEMCMDEC	_Frames	applied_or_already_applied
KBAEKIAMBIG	WipeUserRoutine	applied_or_already_applied
KBEIMJFMLHI	_Permissions	applied_or_already_applied
KBFMIDDEKAM	QuestActionMapMask	applied_or_already_applied
KBGLCNDOKFO	IsEvent	applied_or_already_applied
KBGNEGHELJL	SameGender	applied_or_already_applied
KBHILDAFOEC	set_ModName	applied_or_already_applied
KBHKGFLAFHH	AddText	applied_or_already_applied
KBKLDLFBEHP	set_IndexSlider	applied_or_already_applied
KBLJLNOGOGN	downloading	applied_or_already_applied
KBLPEANNDIA	Buf_size	applied_or_already_applied
KBMGBFFNNMC	TYPING_TIMER_LENGTH	applied_or_already_applied
KBOGFDBKGEH	Equals	applied_or_already_applied
KCBLJINLCOB	ActionStopEffect	applied_or_already_applied
KCBMIFMHNIC	DataFolderName	applied_or_already_applied
KCCKDDOGCBG	EncryptQuaternionValue	applied_or_already_applied
KCDDKIDBHNM	QuestActionToggleGroup	applied_or_already_applied
KCFLEDLLKMK	ParseUpgradeList	applied_or_already_applied
KCHBHDDLPAJ	GetTypeCode	applied_or_already_applied
KCJPJPPENAL	CheckTimer	applied_or_already_applied
KCKBHPDCOHD	GetObject	applied_or_already_applied
KCKGOMHOACA	QuestActionResetCrashFlag	applied_or_already_applied
KDAOBNDDOMI	GetGameObjectInstance	applied_or_already_applied
KDCEDPLICLP	IsExistPerkWithLevel	applied_or_already_applied
KDDNHLLMDDG	QuestActionStoryTutorialPunchbag	applied_or_already_applied
KDIGFPPHJDL	NextNameIDX	applied_or_already_applied
KDJHNCJIAKJ	SetLiteralProperties	applied_or_already_applied
KDJLIGFDGGF	get_isFightNone	applied_or_already_applied
KDOGKKGDOBK	conditions	applied_or_already_applied
KEBCKGDDCEL	Return	applied_or_already_applied
KEEIOBJJIAL	get_MissileAnimations	applied_or_already_applied
KEFMCMHIPGO	inst_double	applied_or_already_applied
KEHEFBGBNDH	QuestActionForceExecution	applied_or_already_applied
KEIJELBHCGJ	OnAnimationStart	applied_or_already_applied
KELFNGPHJKO	_preFight	applied_or_already_applied
KELKDFNBKOK	OnButtonClicked	applied_or_already_applied
KEMMIFBFDPK	ArgsDict	applied_or_already_applied
KEOEHFFDJGM	ModelPhysics	applied_or_already_applied
KEPFKDJECOG	AddHeader	applied_or_already_applied
KFBNLLDCEDK	StartFight	applied_or_already_applied
KFDBGLMNKBC	set_Address	applied_or_already_applied
KFDHAPFHGHE	SetDictionarySize	applied_or_already_applied
KFDKPKODPAA	UpgradeIndex	applied_or_already_applied
KFECGCCLNEB	DotProduct	applied_or_already_applied
KFFHPHLIPDO	set_Retry	applied_or_already_applied
KFHBAODPJMF	ColorUtils	applied_or_already_applied
KFIIKFNNOHG	GetDistanceToEnemy	applied_or_already_applied
KFIKOLEEFLM	GetLoadObjectsInternal	applied_or_already_applied
KFJMANKMOJC	FLT_VALUE_DELTA	applied_or_already_applied
KFKKFAAIDOG	JoinRoutine	applied_or_already_applied
KFLCPOHMPFD	charControllerPlayer	applied_or_already_applied
KFOMDDEAHAM	pointsTable	applied_or_already_applied
KFPKAILMJAA	Swap	applied_or_already_applied
KGAFJHOMNBL	processing	applied_or_already_applied
KGAIIKKEABC	GetIndexForOffset	applied_or_already_applied
KGCILFCIFMD	BeginnerCheat	applied_or_already_applied
KGCKCAKCCCD	MOVE_SPEED	applied_or_already_applied
KGCLOEKBCIH	_itemAction	applied_or_already_applied
KGEOGCFNMKI	_spritesIsRotated	applied_or_already_applied
KGFNLGNLFAH	_muted	applied_or_already_applied
KGIHANANGCC	set_UnityObject	applied_or_already_applied
KGJKCFCFEED	PermissionRequestResult	applied_or_already_applied
KGMOJNMOLHI	OnStartInterval	applied_or_already_applied
KGNLLDECFHB	_seed	applied_or_already_applied
KGPHGOPIMHL	set_ServerAddress	applied_or_already_applied
KGPNNKIGFGD	QuestActionTapjoyActionCall	applied_or_already_applied
KHCDHLKLFKH	Skip	applied_or_already_applied
KHDLIOJLMJM	set_EndTimeSeconds	applied_or_already_applied
KHDMONHKEIA	RemoveEvadeUnsafeDodgesAnimations	applied_or_already_applied
KHGNIFGLLIL	SetVector3	applied_or_already_applied
KHHCMDPBKCL	StrikePhysics	applied_or_already_applied
KHJBEDJEOEG	UpdateModel	applied_or_already_applied
KHJLJHFGGGC	InternalEncryptField	applied_or_already_applied
KHNBAKBILON	token_value	applied_or_already_applied
KHPAFKEBBJO	_ProcessingBuffer	applied_or_already_applied
KHPMKFLACJL	longest_match	applied_or_already_applied
KIAEHHPJDNF	NMAX	applied_or_already_applied
KIBHCBGJLMN	QuestActionChangeTab	applied_or_already_applied
KICCMFJMNBN	ConditionRound	applied_or_already_applied
KIDNPOLIBEL	ToCharArray	applied_or_already_applied
KIEMLMDHBKL	CheckCollision	applied_or_already_applied
KIEPEAHMJBH	PerkConditionHealth	applied_or_already_applied
KIGPJECPBBI	Multiply	applied_or_already_applied
KIHANMABFLP	SetFightIDSByString	applied_or_already_applied
KIHMFNBBDAA	ResetModelsHitData	applied_or_already_applied
KIILMKKPBHP	GetVector2FromString	applied_or_already_applied
KIMPHLFLEAE	_AnyGender	applied_or_already_applied
KIPBDIEALIK	ResetIntervals	applied_or_already_applied
KIPENODCLDF	GetValueFromInterval	applied_or_already_applied
KJDOGPGGMBH	AddSegment	applied_or_already_applied
KJGCFEFCDLI	_noAnimationRules	applied_or_already_applied
KJHANLBOCAI	_message	applied_or_already_applied
KJIHKABCBHB	TacticsTableNames	applied_or_already_applied
KJOHPPEGEHI	ScanBlockScalarBreaks	applied_or_already_applied
KJPPODNLJMD	SetByteArray	applied_or_already_applied
KKBCILNGGJL	AddModules	applied_or_already_applied
KKFHGGBGKBK	GetFloat	applied_or_already_applied
KKGACCPCHOK	RollIndent	applied_or_already_applied
KKGMFJKEECL	set_DeleteOlder	applied_or_already_applied
KKILHJEGEDB	FreeUnit	applied_or_already_applied
KKJHFNGGFCG	Type	applied_or_already_applied
KKJKKKIOKPB	FileName	applied_or_already_applied
KKOJKJNDHLN	_fpsTime	applied_or_already_applied
KKONALPKFPJ	SetQuickAttackChances	applied_or_already_applied
KKPFGKPALED	_SceneLoadTime	applied_or_already_applied
KLBDLOAMIPK	LoadMoves	applied_or_already_applied
KLBKGJBHLLI	set_Tag	applied_or_already_applied
KLDGEBKDDMA	QuestActionUnzip	applied_or_already_applied
KLEOBHGNFFJ	_Value	applied_or_already_applied
KLGOPGOMPFC	PRICE_TEXT_BACKGROUND	applied_or_already_applied
KLIMOIBGAOD	set_Active	applied_or_already_applied
KLMJFFEJEBF	WriteByte	applied_or_already_applied
KMBCKLCKCPL	PressAnyKey	applied_or_already_applied
KMDJFMEJGFD	m_Corners	applied_or_already_applied
KMFEIBHBGKM	LoadAtlas	applied_or_already_applied
KMFKLPELCMG	ParseAnimations	applied_or_already_applied
KMIGPLHNOKE	_noStrikes	applied_or_already_applied
KMKIHHLEAGA	XmlUtils	applied_or_already_applied
KMLMHGLLOHM	GroupTables	applied_or_already_applied
KMMCMMCBKND	GetNodeIDByPairName	applied_or_already_applied
KMNMLKNIKJF	Container	applied_or_already_applied
KNAPHHPEKGH	HasSentMessageId	applied_or_already_applied
KNBKAELNFDD	StyleIndex	applied_or_already_applied
KNCNAPEFPEK	set_ConfigYaml	applied_or_already_applied
KNENJHMOGPH	_Node	applied_or_already_applied
KNJNFHDDPMB	GetUpdateItemByLevel	applied_or_already_applied
KNKGHAEFKBH	read_buf	applied_or_already_applied
KNLOPGNJAAJ	Delegate	applied_or_already_applied
KNMHILFFBAA	ConvertByteArrayToFloat	applied_or_already_applied
KNPEKEDPFHN	CurrencyBaseValues	applied_or_already_applied
KOCGBHFDEOL	_buffer	applied_or_already_applied
KOEDFPANIIA	SetPain	applied_or_already_applied
KOEJOHAHDIE	dictionary	applied_or_already_applied
KOHOLEEALKC	EndDate	applied_or_already_applied
KOICBOECLPK	set_ID	applied_or_already_applied
KOIMBCFGAGN	UnregisterCommand	applied_or_already_applied
KOOGCJOEANH	ConditionItemInfo	applied_or_already_applied
KOOHOHBGHEG	PaddingSize	applied_or_already_applied
KPABCDMIKDJ	ApplyDenomination	applied_or_already_applied
KPAGHHIKOBK	TICKS_PER_SECOND	applied_or_already_applied
KPBKFENKFAK	SetInterruptFrames	applied_or_already_applied
KPDAJLHFEII	_experience	applied_or_already_applied
KPEGPGAEONP	_hitRules	applied_or_already_applied
KPFNJCOPFAG	inLottery	applied_or_already_applied
KPLBLHKFKCI	ResetHitData	applied_or_already_applied
KPLPBEKGKNN	_rules	applied_or_already_applied
KPOEDLDINDC	CheckEventsForModels	applied_or_already_applied
LAABDEOBFGG	endEvent	applied_or_already_applied
LABFAILEOCJ	PlayAnimationDelay	applied_or_already_applied
LACKPLAKPDG	ToLong	applied_or_already_applied
LAKIECHIAJA	IsBlacklisted	applied_or_already_applied
LAKOLGPNFMC	_innerStream	applied_or_already_applied
LAKPDLDAODN	GetLoadBytesInternal	applied_or_already_applied
LALBHECIPLD	StageType	applied_or_already_applied
LANAGCLJKMO	isConst	applied_or_already_applied
LAPFHLGNAAF	CurrencyStruct	applied_or_already_applied
LBFBGIFCIDA	DEFAULT_SEQUENTION_NAME	applied_or_already_applied
LBFEBEOAHJL	_LastFramesCount	applied_or_already_applied
LBFKFBALMGA	SliderType	applied_or_already_applied
LBFMNEMKOPO	Run	applied_or_already_applied
LBHKIOMMCHP	_initDone	applied_or_already_applied
LBIILMFAHNM	RemoveProfilePerksWithLevel	applied_or_already_applied
LBIIPGDHCIL	SetAttackingEdges	applied_or_already_applied
LBKHPHBNEOE	set_DecodedArgs	applied_or_already_applied
LCDGOCIAIDK	ModelNode	applied_or_already_applied
LCEGAMLBGBG	IsNew	applied_or_already_applied
LCFFLFEDMBI	ResetInterval	applied_or_already_applied
LCFOABNIFCM	LogDamage	applied_or_already_applied
LCGJEMPJOEO	GetUseChildrenDodge	applied_or_already_applied
LCMHCNBKPCH	_resistanceName	applied_or_already_applied
LCOPJJLLBKG	ResetModels	applied_or_already_applied
LDAJBNIAJIA	Encode	applied_or_already_applied
LDEOONBMKAO	_ScreenType	applied_or_already_applied
LDHEHCLPMOK	ratio	applied_or_already_applied
LDHGMLMNBGL	CheckFileHash	applied_or_already_applied
LDLLNFKOPFN	GetAssetBundleSafe	applied_or_already_applied
LDLMPAHILIJ	_ArgsSeparators	applied_or_already_applied
LDNAHNDJPCF	ReadPayload	applied_or_already_applied
LECFFFHGAED	SessionSettings	applied_or_already_applied
LECKFDGHNIG	SetNewAddItem	applied_or_already_applied
LEHHJKIBHPO	SetNoAnimationRules	applied_or_already_applied
LEIIAPEEJAH	AddString	applied_or_already_applied
LEKIBAKLABM	RenderCollision	applied_or_already_applied
LEKJDOFGMOB	RoundTime	applied_or_already_applied
LEKPDFKDKIM	EncryptVector3Value	applied_or_already_applied
LEOLKJNCEJC	CheckBytesHash	applied_or_already_applied
LFBKBNPNJPD	CalculateOffset	applied_or_already_applied
LFCHNBLFIDA	ConstructByteArray	applied_or_already_applied
LFDKIGFLLJK	PutItemRule	applied_or_already_applied
LFECBKOCCAD	Decrease	applied_or_already_applied
LFFNCJDKFKN	ControlPress	applied_or_already_applied
LFGIPLCBCID	_playerNoPerksRules	applied_or_already_applied
LFGNONHDHIL	GeAudioClip	applied_or_already_applied
LFIMDCGEGBG	MoneyStruct	applied_or_already_applied
LFPPDPJJGMC	AddQuestToStek	applied_or_already_applied
LGAADHAKAEF	PlaceholderReplacer	applied_or_already_applied
LGBFDEEBOJP	SetStage	applied_or_already_applied
LGBJGJDECJK	RemoveDuplicateTeplates	applied_or_already_applied
LGDLKHBACBP	OnClosed	applied_or_already_applied
LGEGBBJDJGK	_node	applied_or_already_applied
LGGCCGCBKJL	GetCellAtIndex	applied_or_already_applied
LGGGAKGBJBE	SerializeArray	applied_or_already_applied
LGGKOLHBGGF	UrlEncode	applied_or_already_applied
LGLCJBHAIBE	_LastStrikePhase	applied_or_already_applied
LGLDDHGOKFN	set_QueryParamsOnlyForHandshake	applied_or_already_applied
LGLLNDGDING	defaultNode	applied_or_already_applied
LGNEMKENGCO	GetIsCurrencyExist	applied_or_already_applied
LGNOEFLPDMG	properties	applied_or_already_applied
LGOBCNNCEEF	_leftTime	applied_or_already_applied
LGOIEGLPGLN	SetRulesActivity	applied_or_already_applied
LHDDDAFPGKB	_ratio	applied_or_already_applied
LHFMOPCOFIL	_UnityBundle	applied_or_already_applied
LHGBFMAMDLM	set_Spacing	applied_or_already_applied
LHGPEFBDPLC	DecryptIntValue	applied_or_already_applied
LHIACGABAMK	AddAssetsData	applied_or_already_applied
LHJFDBHNDNP	HexValue	applied_or_already_applied
LHJOLBEBCPH	_colorModel	applied_or_already_applied
LHMBHLDNIAB	set_KeepAliveTimeout	applied_or_already_applied
LHPIKPMFFDB	SetFloat	applied_or_already_applied
LIAAEELKALB	IsIntervalByName	applied_or_already_applied
LIECACLBMNM	GetPlayerNoPerks	applied_or_already_applied
LIEEBJLLJFH	HasEntity	applied_or_already_applied
LIKEHAOJFBC	QuestActionDialogCheckTickets	applied_or_already_applied
LILPPGCPPGO	extraBits	applied_or_already_applied
LINJNACMEOB	AddInteger	applied_or_already_applied
LIONODAIICJ	DumpController	applied_or_already_applied
LIPDJNDKHDN	_ErrorMessage	applied_or_already_applied
LJAAMGJPBJF	LoadAssetWithSubAssets	applied_or_already_applied
LJFAMBDIPMK	_currentFight	applied_or_already_applied
LJHBBMMFBFF	UIExtensions	applied_or_already_applied
LJILHANFPDH	ClearAll	applied_or_already_applied
LJKNHNCFJIA	_ProcessingBufferCount	applied_or_already_applied
LJLHOONDFHD	get_EvadeThrowDodges	applied_or_already_applied
LKBHPGKFIOA	randomFloat	applied_or_already_applied
LKCGBPLOFFH	set_DamagePart	applied_or_already_applied
LKEDPGPJFHJ	_animator	applied_or_already_applied
LKFHFCNOOAK	GetVector4FromString	applied_or_already_applied
LKIOOFOJKOB	MCONTROLLER_COMBO_INTERVAL	applied_or_already_applied
LKJBONPAKKI	KillTween	applied_or_already_applied
LKLJGGJBBKI	_testStartTime	applied_or_already_applied
LKLNOFNGBEK	_collisionRules	applied_or_already_applied
LKMKCFMOODE	_CachedSingleSprite	applied_or_already_applied
LLABBINNGGC	_ComboTime	applied_or_already_applied
LLFJBDMMCCK	SetMuteToChannel	applied_or_already_applied
LLHEDBIEHAA	First	applied_or_already_applied
LLLEBOOGBGI	HandleCharacter	applied_or_already_applied
LLONOIBIKJK	_PairNode	applied_or_already_applied
LLPLAPLEJHJ	RemoveCellAtIndex	applied_or_already_applied
LMACNKGOGFD	SetPosBitsProperties	applied_or_already_applied
LMAGCIOHPLM	EnsureBitsAvailable	applied_or_already_applied
LMBFONMMHIO	DecryptVector3Value	applied_or_already_applied
LMDJEJJJLCO	IsAttackIntervalEnd	applied_or_already_applied
LMFOCAEOPCP	SelectAnimationWithWeights	applied_or_already_applied
LMLIAPBPODB	_TabType	applied_or_already_applied
LMLLNJEFGDF	i	applied_or_already_applied
LMOHOBKAMAG	PathToLoaderFolder	applied_or_already_applied
LNAICINJLFH	ClearQuestsStack	applied_or_already_applied
LNBPCNKEFMG	CreateCapabilityTable	applied_or_already_applied
LNBPDLPPPPD	SwitchTarget	applied_or_already_applied
LNCINAAPMJP	CreateHotGround	applied_or_already_applied
LNCLPKGHFDO	TryParse	applied_or_already_applied
LNELMKGKPJN	SceneTypes	applied_or_already_applied
LNEPMLPJHMP	PutRandomRules	applied_or_already_applied
LNGABJADPIA	detectorsContainer	applied_or_already_applied
LNGCLBDDOPA	nextId	applied_or_already_applied
LNGDBBHMHCB	ActionModels	applied_or_already_applied
LNHAACOEKBG	Serialize	applied_or_already_applied
LNHOAPGFKML	_filePath	applied_or_already_applied
LNICDKAFFAG	InternalDecryptField	applied_or_already_applied
LNLMMOEJIJF	AdvertConfig	applied_or_already_applied
LNLNJEMJOGH	op_UnaryNegation	applied_or_already_applied
LNMNOKNFPGI	_enemyItemRules	applied_or_already_applied
LNNGEOAJEFC	SetInteger	applied_or_already_applied
LOBIDAOKGLB	ARE	applied_or_already_applied
LOEOJAPNPND	AddModule	applied_or_already_applied
LOGGOJANCOD	GetCountAndDamage	applied_or_already_applied
LOHDHNMGEFG	CallOnBeforeRedirection	applied_or_already_applied
LOHIFOGGEGO	set_ClientMessageCounter	applied_or_already_applied
LOKHNDIPKFH	get_ResultSource	applied_or_already_applied
LOLEMLLPIOK	_PackName	applied_or_already_applied
LOLMMEJMIJD	_fileName	applied_or_already_applied
LOMBMJONGPK	set_AuthUri	applied_or_already_applied
LONBLHKCFDH	ResistanceStruct	applied_or_already_applied
LOOHDJKKEJH	AttackTablesFrames	applied_or_already_applied
LPIMFGEBPDP	ConditionSubType	applied_or_already_applied
LPJMGFBHJON	LotteryLevel	applied_or_already_applied
LPJNEJMGAPK	_MeshRender	applied_or_already_applied
LPLCGJFPANP	SerializeObject	applied_or_already_applied
LPMENPGFKNN	needShowLabel	applied_or_already_applied
MAABDFKMACJ	arguments	applied_or_already_applied
MAECMDMCFEB	AchievementInfo	applied_or_already_applied
MAINIEPINBA	SetDistanceToEnemy	applied_or_already_applied
MANOHLFMOKL	_mesh	applied_or_already_applied
MBAGCAEJBNJ	RulesActive	applied_or_already_applied
MBBEAPKNFFP	RemoveObjectByIndex	applied_or_already_applied
MBDAADKEPMJ	MirrorSequence	applied_or_already_applied
MBIJKDIEFIF	item	applied_or_already_applied
MBKNCBBNBMB	_containerRotation	applied_or_already_applied
MBMFBNBGONH	GetPlayerItemRules	applied_or_already_applied
MBPLFILCOIH	OnStyleChanged	applied_or_already_applied
MCAOEDFOJCE	ComputeCrc32	applied_or_already_applied
MCAPEFBFFBB	EndFight	applied_or_already_applied
MCCAOAOONJB	RemoveUsersPerkByName	applied_or_already_applied
MCCNKGIJPJE	GetFileName	applied_or_already_applied
MCEPGACFBPF	RecalculateHash	applied_or_already_applied
MCIIOFEHANJ	IsField	applied_or_already_applied
MCNDBDDAIAB	set_Order	applied_or_already_applied
MCOIHOFKLHA	_LastAnimationIsMove	applied_or_already_applied
MCOJABAACKJ	ShiftWall	applied_or_already_applied
MDADHHOFCNG	Color	applied_or_already_applied
MDBNGLBPGCG	GameValueType	applied_or_already_applied
MDEHOIDHGCO	eos	applied_or_already_applied
MDIIJPOKAJC	_indicators	applied_or_already_applied
MDOLJMAONOK	StringCompare	applied_or_already_applied
MEBHDLMHFOP	GetStringList	applied_or_already_applied
MECFHCIEAGJ	ChangeSpeed	applied_or_already_applied
MEIMBEJCMAG	QuestActionShowRaidLeaguesTutorial	applied_or_already_applied
MENFDGBAJFM	_randomRuleSeed	applied_or_already_applied
MEOBGMKFLIN	_StartPhysics	applied_or_already_applied
MFCBLKJEEBK	IsSafetyAnimations	applied_or_already_applied
MFCFJFCACKL	AnimationName	applied_or_already_applied
MFCHJDJCGEJ	DecryptDoubleValue	applied_or_already_applied
MFCJBBLMBBF	maxConnectionPerServer	applied_or_already_applied
MFDOJMEAPDN	QuestActionHideMapButton	applied_or_already_applied
MFEKFKKNMLA	HashValue	applied_or_already_applied
MFFEAFLKJDH	SetEncrypted	applied_or_already_applied
MFFIPHLIIJD	IsGroup	applied_or_already_applied
MFIPBDGPIHA	StopAnimation	applied_or_already_applied
MFOOGKLLPNG	NodeInterval	applied_or_already_applied
MGBHIIJPHMK	ReduceOffsets	applied_or_already_applied
MGCMPAIBFNK	_resistanceRules	applied_or_already_applied
MGHICBOEJNP	_weaponName	applied_or_already_applied
MGJLAIHEDCL	FileLengthModulo	applied_or_already_applied
MGKDDODIAJL	URI	applied_or_already_applied
MGNINKDMIKK	EncryptFloatValue	applied_or_already_applied
MGPGDPOOCBK	p_url	applied_or_already_applied
MGPNCDBDDLJ	PutComplexRule	applied_or_already_applied
MHANAAGIJMI	defaultDocument	applied_or_already_applied
MHEGIMOOLLB	Dispose	applied_or_already_applied
MHIHJOHNLFC	Remove	applied_or_already_applied
MHINGGHGHFB	_Adler32	applied_or_already_applied
MHJFBAOJLFP	InitRules	applied_or_already_applied
MHJMJOIEIAF	_scale	applied_or_already_applied
MHLEJFILMKB	OnStopPreFight	applied_or_already_applied
MHOJFHKHIIL	Style	applied_or_already_applied
MHPBEJNILLD	_currencyValue	applied_or_already_applied
MHPNKOAFFED	_fileMode	applied_or_already_applied
MIEAMBHDBAI	callback	applied_or_already_applied
MIGACFFOGID	IsTouchOnWheel	applied_or_already_applied
MIGPMJGJNBO	OnStopInteval	applied_or_already_applied
MIHMDBCAIDN	_LastAnimationIsDoubleSweep	applied_or_already_applied
MIKPHMADGDM	SetFrame	applied_or_already_applied
MILHCPOEBPE	CallIdx	applied_or_already_applied
MIMAANNHBNK	AddRepostAchievements	applied_or_already_applied
MIMACBGBMKF	_Coroutines	applied_or_already_applied
MIMGGIPBGJH	GameCenter_Android	applied_or_already_applied
MIOGAECLCHD	Zero	applied_or_already_applied
MIOPOJOAECK	QuestActionShowRaidToggleBtn	applied_or_already_applied
MIPKHMBJFDC	StrikeResult	applied_or_already_applied
MJACFJFOAJE	_Duration	applied_or_already_applied
MJCDNOMGEGN	m_Tracker	applied_or_already_applied
MJDEBINJHEC	Enabled	applied_or_already_applied
MJDGAJAEBLL	set_SerializeAs	applied_or_already_applied
MJHCDEJGHNH	Multi	applied_or_already_applied
MJIODLMALGE	LastModified	applied_or_already_applied
MJIPDAPJKMM	IsStrikeResult	applied_or_already_applied
MJKEGAALBCA	ModelName	applied_or_already_applied
MJKPBJKDMPH	SetInput	applied_or_already_applied
MJMKJILIJDO	QuestActionFacebookAPICall	applied_or_already_applied
MJNDNICJGCF	_TrianglesList	applied_or_already_applied
MJOCMMIBOGJ	body	applied_or_already_applied
MJODNGHIGFH	ClearAllTacticSettings	applied_or_already_applied
MKAMHKKGEML	get_Item	applied_or_already_applied
MKBKPMLMABD	m_StreamWasExhausted	applied_or_already_applied
MKGOFFJKDHE	SelectAnimation	applied_or_already_applied
MKHOHGCBBIC	ParseInt	applied_or_already_applied
MKJFMGGBLEI	GetAspectValueByLevel	applied_or_already_applied
MKJMOPPHGKH	GetVector3FromString	applied_or_already_applied
MKKKEOBDNJD	_currentScene	applied_or_already_applied
MKMOBJBEOPK	scrollPos	applied_or_already_applied
MLBPNLLFEIN	UpdateBuffer	applied_or_already_applied
MLCAJPDAHPG	ParseAspects	applied_or_already_applied
MLCHAADHBBO	_Gender	applied_or_already_applied
MLFGHOPIMMI	isFirstBlock	applied_or_already_applied
MLFKAHLDEFA	PerksController	applied_or_already_applied
MLFPOCMGFMB	buffer	applied_or_already_applied
MLICBCDEBAN	GetAngle2DRadianSigned	applied_or_already_applied
MLILKDALGFC	ComparePrioritets	applied_or_already_applied
MLLFHPMMCGN	get_MoveLengthIntervalsStrict	applied_or_already_applied
MMAADNBHHIO	timersID	applied_or_already_applied
MMECNPCGCHJ	GetBaseValue	applied_or_already_applied
MMEFFDGKFPM	get_RoundTimePassedFrames	applied_or_already_applied
MMEGJJHFCBB	FinishStance	applied_or_already_applied
MMEGNEFAKPF	set_Form	applied_or_already_applied
MMGLPPDEPBG	GetDamageBlockCritical	applied_or_already_applied
MMHNFIIHONJ	FRAME_RATE_F	applied_or_already_applied
MMMKNLDJMGN	_inStream	applied_or_already_applied
MNBNFOLMOHN	_noButtonRules	applied_or_already_applied
MNFHIFDEJBK	ParseFactorAndDefenseItems	applied_or_already_applied
MNGNBBMBGEH	set_ReconnectionTime	applied_or_already_applied
MNJAEBCEPAJ	randomizationFactor	applied_or_already_applied
MNJAKIFGGBI	isActive	applied_or_already_applied
MNKKMPJMMAJ	AddAnimationFromDistance	applied_or_already_applied
MNNOIDOMKGB	prizeBase	applied_or_already_applied
MOCDDEFDMFH	CheckFightRules	applied_or_already_applied
MOCHACEIBEP	GetTextureFromExternal	applied_or_already_applied
MOCMENBOJJF	_versionSource	applied_or_already_applied
MOEBIJMIKIB	IsPhase	applied_or_already_applied
MOEOGPIPNNP	IsWinner	applied_or_already_applied
MOIGMEFLLCL	RemoveEventName	applied_or_already_applied
MOKGEHOHDJK	RuleAppliance	applied_or_already_applied
MOKMNNCMAJG	_Name	applied_or_already_applied
MONBCDKGIIH	GetPercentFromValue	applied_or_already_applied
MONIEPGJIGE	CleanDtdToString	applied_or_already_applied
MOPCGJIFLKE	GetPressType	applied_or_already_applied
MPABAHIFLHE	GetMoveLength	applied_or_already_applied
MPDHJFILHEF	_lengthLimit	applied_or_already_applied
MPFDNPDBICL	IsBackgroundMusicIntro	applied_or_already_applied
MPHLFMHABBC	OnModelPreCrit	applied_or_already_applied
MPHPPFOONFG	ConditionPhysics	applied_or_already_applied
MPICOCEBBBK	IsVariable	applied_or_already_applied
MPLGJNLJPFN	AddBoolean	applied_or_already_applied
MPLPEFPABKC	_propertyInfo	applied_or_already_applied
MPNABGDGAKL	NeedStart	applied_or_already_applied
MPOCLKMNDFO	StartPosition	applied_or_already_applied
NADHJCLJAKD	SetDistanceToNearestWall	applied_or_already_applied
NAFMIGFFOMD	logBuilder	applied_or_already_applied
NAFNPLAHPMJ	BUFFER_SIZE	applied_or_already_applied
NAGAEAGPCBB	CreateDict	applied_or_already_applied
NAHDKEGCFEB	complete	applied_or_already_applied
NAHJDECAJMO	QuestActionStoryTutorialClickFight	applied_or_already_applied
NAKBKCDKEHF	ModelEdge	applied_or_already_applied
NALOHFKANFC	_TotalBytesRead	applied_or_already_applied
NAMGDODAGDA	_titleString	applied_or_already_applied
NAMJFNLFNCF	RenderAnimationDelay	applied_or_already_applied
NANLAGNPBOM	SetButton	applied_or_already_applied
NAOKDHPEECA	CrossModelByEdge	applied_or_already_applied
NBBJPLBEOIA	ScanDirectiveName	applied_or_already_applied
NBBLDNCGEOJ	KeyToString	applied_or_already_applied
NBCKELPPOMG	PutInFightRule	applied_or_already_applied
NBDLANCPCNO	_PerkMap	applied_or_already_applied
NBFDGBOABHB	set_Key	applied_or_already_applied
NBFEDMCCKPJ	EventIntervalStart	applied_or_already_applied
NBFIENBJJLE	CreateHeadPayJSON	applied_or_already_applied
NBGHGBCKOPE	OnQuestComplete	applied_or_already_applied
NBGLCNMMMKI	GetCautiousMovementsChance	applied_or_already_applied
NBICABBFJEF	_description	applied_or_already_applied
NBKJGOOEPNA	m_Buffer	applied_or_already_applied
NBPCCIOAEAM	CheckReset	applied_or_already_applied
NBPKFMCFJKA	UseAllredyParsedFight	applied_or_already_applied
NCCFBKKMBGI	wfShader	applied_or_already_applied
NCEILOIPOOE	QuestActionSessionSettings	applied_or_already_applied
NCFMCMBPHGD	IterativeProcess	applied_or_already_applied
NCGDAEENEEO	SetHitData	applied_or_already_applied
NCHILOLNCNE	MinProtocolVersion	applied_or_already_applied
NCHJBDFJHGF	SetBotTactic	applied_or_already_applied
NCIDIIGMMIM	QuestActionEclipseModeTutorial	applied_or_already_applied
NCIMJGHEMPN	_damageRules	applied_or_already_applied
NCJDPEAJLPP	IsCompare	applied_or_already_applied
NCNJGOPGPHL	Add	applied_or_already_applied
NCODAIICNLP	ClosePauseScreen	applied_or_already_applied
NCPKAPMLLPA	DecryptQuaternionValue	applied_or_already_applied
NDAOHKKNCAL	LevelMultiplier	applied_or_already_applied
NDDFFODJEJA	_conditions	applied_or_already_applied
NDFIEBLNHHA	SetRandomRules	applied_or_already_applied
NDHCBBKPIFA	_data	applied_or_already_applied
NDKFAKGAKNE	SetNoButtonRules	applied_or_already_applied
NDPCKJHBJOB	AddField	applied_or_already_applied
NEABAMGCGCA	SlowMode	applied_or_already_applied
NEBNMFIEOOH	_staticObjects	applied_or_already_applied
NEFJOLLPNMB	ItemSets	applied_or_already_applied
NEFLJJBNHPC	GetContentLength	applied_or_already_applied
NEGDMNFONAF	RefreshParameters	applied_or_already_applied
NEHBOKLDAHD	hasFirstPart	applied_or_already_applied
NEHMAEOIHDB	Unescape	applied_or_already_applied
NEILOFHDANE	_streamEndWasReached	applied_or_already_applied
NEJHFNLDGDD	AchievementsController	applied_or_already_applied
NEMDLCHDOCA	QuestActionResetPerks	applied_or_already_applied
NEMOJHMEMDA	ConditionWeapon	applied_or_already_applied
NENCFHAFMPE	set_Arguments	applied_or_already_applied
NFAMFPOKMAB	set_MapMaskColor	applied_or_already_applied
NFBBPHJPPHC	AddBinaryData	applied_or_already_applied
NFBGDNMFFHC	IsItemRequired	applied_or_already_applied
NFCGKJINICI	_inited	applied_or_already_applied
NFENEIFGLIA	Press	applied_or_already_applied
NFGFKAKMBNK	enemiesScreen	applied_or_already_applied
NFGOBDCDFII	typingUsers	applied_or_already_applied
NFHEACPFNKA	rectTransform	applied_or_already_applied
NFIGMEEIPOI	Off	applied_or_already_applied
NFJKKAIMIGD	LogTable	applied_or_already_applied
NFMAAKMNKJF	GetWinner	applied_or_already_applied
NFNAMPHCHLD	_parent	applied_or_already_applied
NFNBFHCDEGG	Second	applied_or_already_applied
NFOPGMKPEAJ	OpenXMLDocument	applied_or_already_applied
NGAPMPMPDJJ	_unixEpoch	applied_or_already_applied
NGCMDEKADBG	GetString	applied_or_already_applied
NGDOJBGFBPN	SetBoolean	applied_or_already_applied
NGEIBFPFPAE	CacheSize	applied_or_already_applied
NGHJKGGHEMG	Compress	applied_or_already_applied
NGHKIKLIDBD	SetFileName	applied_or_already_applied
NGHLNCCIDFI	GetWordEndSymbol	applied_or_already_applied
NHABEPOCLPP	_RecipeDeliveryTime	applied_or_already_applied
NHBEOCAGNCK	PlayFight	applied_or_already_applied
NHCBGKHMMEK	UpdateAnimation	applied_or_already_applied
NHEDFPIFJDH	set_HandleRfc1950HeaderBytes	applied_or_already_applied
NHLOFDPEKMP	currentConfig	applied_or_already_applied
NHMCLALEPEK	QuestActionUpgrades	applied_or_already_applied
NHMINIOGHGD	WriteLine	applied_or_already_applied
NHNGKKFNMFO	randomString	applied_or_already_applied
NHPJEMBNOBD	_touchPoint	applied_or_already_applied
NIDJICDJLHC	GiveItemLogin	applied_or_already_applied
NINLHNAMBCJ	_clips	applied_or_already_applied
NJFEIIGNAGE	_FrameRect	applied_or_already_applied
NJFGLOECJEK	Attribute	applied_or_already_applied
NJFIHFMLBIN	GetClassActionByName	applied_or_already_applied
NJGNFKAMFLF	UpdateWithBytesRead	applied_or_already_applied
NJKIKOBPLPP	_maskColor	applied_or_already_applied
NJMEGOLLJPF	_ComputedPosition	applied_or_already_applied
NJOGBLFLKEG	ParseImage	applied_or_already_applied
NJOHJDGDAGD	Rank	applied_or_already_applied
NKAGPMFAGDH	ParseEvades	applied_or_already_applied
NKCEGAAOFEL	UpdateCameraPosition	applied_or_already_applied
NKFFAPINAHC	TableViewOrientation	applied_or_already_applied
NKGEMKALALO	DecryptUIntValue	applied_or_already_applied
NKPMJMNFMGN	GetImplementedInterfaces	applied_or_already_applied
NLBPPPEDHED	string_value	applied_or_already_applied
NLCBFIEDNPG	IsInverted	applied_or_already_applied
NLCBJPAHPFN	IsModelCanThrow	applied_or_already_applied
NLCCDHFDPPH	EncryptRectValue	applied_or_already_applied
NLCLIPABFNA	op_Explicit	applied_or_already_applied
NLGOOJKJHPK	SetDictionary	applied_or_already_applied
NLHJNOCKKGE	_LineRender	applied_or_already_applied
NLIHAPLEMLI	textSizeDelta	applied_or_already_applied
NLLPMNIAMBC	set_PairNode	applied_or_already_applied
NLOBFHIOLJG	ReadAnimation	applied_or_already_applied
NMBAOPFNCJE	_key	applied_or_already_applied
NMBDJFEPBHH	_inFightRules	applied_or_already_applied
NMBFACBAGEE	NumBitLevels	applied_or_already_applied
NMCKMGOCCBO	PerkActionVariable	applied_or_already_applied
NMENPBJMBEO	CopyFrom	applied_or_already_applied
NMFIJNBELJO	Activate	applied_or_already_applied
NMGIKFFGOMF	EventKeyReleased	applied_or_already_applied
NMIGJFLHJPF	isNot	applied_or_already_applied
NMIMFBKDALL	EdgeSubType	applied_or_already_applied
NMOAACKEMIL	QuestActionSetLanguage	applied_or_already_applied
NNBHCDFFINM	Replace	applied_or_already_applied
NNBPCLENGED	ToByteArray	applied_or_already_applied
NNCDIACKPBM	ParseInside	applied_or_already_applied
NNCLPHKBNJD	QuestActionAttachFile	applied_or_already_applied
NNJJBOGEGKM	_strikeIndex	applied_or_already_applied
NNMHNNPECHN	Round	applied_or_already_applied
NNMPPEBALGI	PerkConditionCurrentAnimation	applied_or_already_applied
NOCHJLLNIKO	QuestActionResetEnchantments	applied_or_already_applied
NODAMDHEMEB	get_NoDecisionIntervals	applied_or_already_applied
NOGFDBHPDBL	RenderEvent	applied_or_already_applied
NOIGOCIMEAE	_playerPerks	applied_or_already_applied
NOKJBPPBHAK	DoubleStrToIntegerStr	applied_or_already_applied
NOKPPLIEPNI	GetBitMask	applied_or_already_applied
NOMJHNKKNGK	ZDelta	applied_or_already_applied
NPDDIEBBNLO	ModelStrike	applied_or_already_applied
NPGFEIKNCNC	_Mesh	applied_or_already_applied
NPICGOKOKOI	IsFitIntervalAndMove	applied_or_already_applied
NPIPAOAPBCK	ComboTypeEvent	applied_or_already_applied
NPKPOHBCNLL	GetNodeId	applied_or_already_applied
NPLHJJNBBLO	CompressBuffer	applied_or_already_applied
NPLNKFJAICI	SendAsASCII	applied_or_already_applied
NPMHJDEFCDA	FillAnimations	applied_or_already_applied
NPNLDNEFAFM	set_HitEffectScale	applied_or_already_applied
OAAOKMDOGBK	CodeOneBlock	applied_or_already_applied
OABGJAKOEGA	PutRule	applied_or_already_applied
OABOJPCEJEP	StartPinging	applied_or_already_applied
OAEGJDLFLON	DecodeStream	applied_or_already_applied
OAELINEBLHG	set_IsValid	applied_or_already_applied
OAGDJICCFGK	UnrollIndent	applied_or_already_applied
OAGECMEELMD	_activePerks	applied_or_already_applied
OAHNDIHINOJ	VERSION	applied_or_already_applied
OAIGCLJEFHP	OnAuthenticate	applied_or_already_applied
OAJCMIMCCHK	SetIntervals	applied_or_already_applied
OAMJKBMNHEI	set_Instance	applied_or_already_applied
OAOEPMLIDEJ	_stream	applied_or_already_applied
OAPFAPKGOHP	Time	applied_or_already_applied
OBCAFLOBOPL	GetFileOrResourcesText	applied_or_already_applied
OBFABMPOFPB	WriteAll	applied_or_already_applied
OBIJPKHAMGI	Util	applied_or_already_applied
OBJJEOONEHI	StepsNames	applied_or_already_applied
OBKCIHCFBFN	GetStyleMultiplier	applied_or_already_applied
OBKLHFLJHJM	OnModelCreate	applied_or_already_applied
OBNMPNBDKJD	EncryptDecryptBytes	applied_or_already_applied
OBPPJNCEJFN	CompressString	applied_or_already_applied
OCBLLMBMIAD	SelectDefenceMode	applied_or_already_applied
OCDBCFOKCFM	_GzipMtime	applied_or_already_applied
OCFBPGLOBAJ	ConditionBirth	applied_or_already_applied
OCGBEHCLPAN	_Vertexes	applied_or_already_applied
OCINBFKCFPF	Reverse	applied_or_already_applied
OCJIHGHHFKE	lastCompressionRatio	applied_or_already_applied
OCNFDKBACBK	QuestActionStoryTutorialMove	applied_or_already_applied
OCNJEJGCPJJ	Version	applied_or_already_applied
ODAHKDMBDGH	_renderRules	applied_or_already_applied
ODCJCMLADLC	Args	applied_or_already_applied
ODCLEBDCEOE	DeleteEntity	applied_or_already_applied
ODDBFKCEKJG	ApplyAvatarAndNameRules	applied_or_already_applied
ODDKMLFHJGP	LicenseFailReason	applied_or_already_applied
ODHLKBJENMM	achievementMessage	applied_or_already_applied
ODHNLDABGCI	_itemRules	applied_or_already_applied
ODLCFDDECIL	_Volume	applied_or_already_applied
ODMHNCLGAKP	_changeFightRules	applied_or_already_applied
OEFJIKFBKNI	kPropSize	applied_or_already_applied
OEKNDFGBOIC	SetupHeader	applied_or_already_applied
OEMIHPLDEHC	_noDoubles	applied_or_already_applied
OENGBDIBKML	set_Event	applied_or_already_applied
OEOIFJCDODM	QuestActionRestartApplication	applied_or_already_applied
OFDBKGBBAJH	TrickInfo	applied_or_already_applied
OFFBHGGNFFO	Dlg	applied_or_already_applied
OFFFKODOAKJ	Acquire	applied_or_already_applied
OFHIPKKBDJC	Write	applied_or_already_applied
OFHLEEHGLHA	send_code	applied_or_already_applied
OFHNEDEEJGI	QuestActionOpenLeagueDialog	applied_or_already_applied
OFLFLPJDLNE	GetLoadAudioClipInternal	applied_or_already_applied
OFMGDFKHPDO	d	applied_or_already_applied
OGAJIAEEPHC	CheckPreDraws	applied_or_already_applied
OGFNMMNBJKH	_NodesCount	applied_or_already_applied
OGGEMGHNMKH	ParsePricesForLocale	applied_or_already_applied
OGGOOBEJCHI	instancesInScene	applied_or_already_applied
OGNJFKDJEND	set_Length	applied_or_already_applied
OHDGBBDGMBN	CheckResistanceRules	applied_or_already_applied
OHECKOIAAHO	StyleMultiplier	applied_or_already_applied
OHGJEGDLEJK	KeyData	applied_or_already_applied
OHIGCGLPJME	NoData	applied_or_already_applied
OHJCHFMJIHG	DecryptLongValue	applied_or_already_applied
OHKCJDCMOKN	TacticFactors	applied_or_already_applied
OHNDBOMNIHA	Round	applied_or_already_applied
OHOABNNLMMO	StopRules	applied_or_already_applied
OHOKODOFJDC	downloadingScreen	applied_or_already_applied
OIAKDFDIIKN	ChangePower	applied_or_already_applied
OICIAKNFEAN	GetCountTexture	applied_or_already_applied
OIDEPFKNPJG	ParseQualityConditions	applied_or_already_applied
OIFJPNKGDAK	CheckActionsOnFrame	applied_or_already_applied
OIOAHJMDCMH	DecryptVector2Value	applied_or_already_applied
OIOOAGMIIGP	_currentUserID	applied_or_already_applied
OIPHFIEDJKL	ShopSection	applied_or_already_applied
OJAHEEIFMBM	IsHit	applied_or_already_applied
OJEKLCHAJDM	CreateUI	applied_or_already_applied
OJFBGOIEAJJ	_wrap	applied_or_already_applied
OJFBICFFLDC	_CommandList	applied_or_already_applied
OJFDNFFNHKK	IsStrikeResult	applied_or_already_applied
OJGNPIKHODE	RunDeliveryItems	applied_or_already_applied
OJHBNPMKAHK	_Damage	applied_or_already_applied
OJIEPADIEDE	ModelAnimation	applied_or_already_applied
OJJJIHAKGNN	isGameOver	applied_or_already_applied
OJJNBLDEHJF	AddTableHolder	applied_or_already_applied
OJLPGPBLKPC	GetNode	applied_or_already_applied
OKAMEALDEGH	OnRunSuccessAndErrorAction	applied_or_already_applied
OKBKNMCOIEN	SecurityModule	applied_or_already_applied
OKDMJMDCCCB	ParseString	applied_or_already_applied
OKGDNAJDHNJ	UncompressBuffer	applied_or_already_applied
OKJJIGGGHAC	AddBundle	applied_or_already_applied
OKKENHDAINP	EventKeyPressed	applied_or_already_applied
OKMBEHKDJKJ	ShowHotGroundTimer	applied_or_already_applied
OKMEFHKILOG	SetFactorType	applied_or_already_applied
OKOIIKOJBKN	GetEnemyResponseDelay	applied_or_already_applied
OLBPOBPOOCI	_Empty	applied_or_already_applied
OLHMJFIOMHL	ComboTypes	applied_or_already_applied
OLHOMJHLCJA	Styles	applied_or_already_applied
OLJMADEOLID	QuestActionSetCurrentZone	applied_or_already_applied
OLJNCBAEKNK	set_RawData	applied_or_already_applied
OLLANEBLIIG	SetAligns	applied_or_already_applied
OLOEMGBPPDM	set_StoryTutorialStep	applied_or_already_applied
OMAFAHMPAEF	CheckStrikeZone	applied_or_already_applied
OMEEKPPGFEM	NameAttr	applied_or_already_applied
OMGDDIIPHNE	get_IsShowErrorIfAnimationNotFound	applied_or_already_applied
OMGPGJOMMIF	set_ResponseCode	applied_or_already_applied
OMLLBEAFBDE	get_MaxFrame	applied_or_already_applied
OMODLFJLKME	AddStreamedFragment	applied_or_already_applied
OMOGPJAIPDH	_currentLine	applied_or_already_applied
ONAEIBOELFL	GetReactionName	applied_or_already_applied
ONBAEBNCADK	ParseValue	applied_or_already_applied
ONDFEJNLCJF	DefaultTutorialStepTimeout	applied_or_already_applied
ONIJFBLGDFM	_toggle	applied_or_already_applied
ONKGFNEGNMC	GetUInt	applied_or_already_applied
ONMMKLDMHJD	Factor	applied_or_already_applied
ONNLBFAOMMB	Id	applied_or_already_applied
ONOHHALJDED	SurrenderButtonCallback	applied_or_already_applied
OODDHCCFFJE	op_Implicit	applied_or_already_applied
OOGFCPMLDOJ	UpdatePerkActivationArea	applied_or_already_applied
OOGMPCEBJOA	scanner	applied_or_already_applied
OOIKGBBLEOI	set_NeedDelete	applied_or_already_applied
OPBPNGMPKMH	EncryptIntValue	applied_or_already_applied
OPCNPKIOPOA	DrawPosition	applied_or_already_applied
OPDNLGDPJIK	GetUsers	applied_or_already_applied
OPEIFNAMFLD	bitBuf	applied_or_already_applied
OPFEEDFPIDH	existingAnchors	applied_or_already_applied
OPHCPIMOIBF	StartVS	applied_or_already_applied
OPHJKJNGNJI	SetRect	applied_or_already_applied
OPIBGFIACIK	PlayAnimationRandom	applied_or_already_applied
OPJOKLOGFHB	GetPlayerPerks	applied_or_already_applied
PAALMCJNMEJ	DeletePack	applied_or_already_applied
PADGGABEIND	ParseUint	applied_or_already_applied
PAEGJLNBJME	Uncompress	applied_or_already_applied
PAFEKKDFMEP	OnModelPostCrit	applied_or_already_applied
PAHAIGEMJFP	QuestActionResetDuelTimer	applied_or_already_applied
PAHLFJIMKCL	BattleRaid	applied_or_already_applied
PAHMPAJEFBD	get_UnexpectedMoves	applied_or_already_applied
PALCFKPEPPF	Parse	applied_or_already_applied
PAMHKCLLIDE	CookieJarSize	applied_or_already_applied
PAMKCKLCJMF	ParseTableHeader	applied_or_already_applied
PANAKJICBKI	RecipePrice	applied_or_already_applied
PAOAOGAKCGH	setAvailableAnimations	applied_or_already_applied
PAPAEACBHFL	OnButtonClick	applied_or_already_applied
PBCOFOBGNLM	UpdateFightData	applied_or_already_applied
PBDBLNELILI	_sliderType	applied_or_already_applied
PBFCLGLDOJM	LoadFromFile	applied_or_already_applied
PBGDKLMBAAE	get_AiOn	applied_or_already_applied
PBIGDNICHDI	IncreaseIndent	applied_or_already_applied
PBJHEDPKHHA	_isNot	applied_or_already_applied
PBLMOEHPNLE	UnloadAsset	applied_or_already_applied
PBNHNGNABOK	_fightAvgFPS	applied_or_already_applied
PBOJBHFADMO	BuyImmediatelyDelivery	applied_or_already_applied
PCAHANMGHGL	get_Parameters	applied_or_already_applied
PCAIJGIPIBG	GetFactors	applied_or_already_applied
PCBLAIMEIJJ	datetime_format	applied_or_already_applied
PCFBCHENGJG	GetFirstHeaderValue	applied_or_already_applied
PCFGKAFOCDO	ModelAi	applied_or_already_applied
PCGOIFOINKC	QuestActionEndTimer	applied_or_already_applied
PCKMHFHGCKH	NextRound	applied_or_already_applied
PCKPFBFHKJH	ItemAction	applied_or_already_applied
PDABFGPBADP	_EndXp	applied_or_already_applied
PDACKKDABAE	_valueEmpty	applied_or_already_applied
PDCFHDLMEIA	set_Collisible	applied_or_already_applied
PDCIAADIAFG	EncryptBoolValue	applied_or_already_applied
PDEDBPIDNHK	GetNearestKeyFrameId	applied_or_already_applied
PDHJNLIJAJB	EncryptByteArrayValue	applied_or_already_applied
PDIJEIHBIGK	_t	applied_or_already_applied
PDILFFPNCHM	Flag	applied_or_already_applied
PDLPNNBBKMB	ApplyStrike	applied_or_already_applied
PEAOKNICGEF	set_MaxCacheSize	applied_or_already_applied
PECBJOPMLNO	LoadDataRoutine	applied_or_already_applied
PEDOLOFIEGB	gridSize	applied_or_already_applied
PEGAELFEFLN	_bytes	applied_or_already_applied
PEKNPGALKJO	CopyTo	applied_or_already_applied
PEMOKNLOKIL	m_ProcessedSize	applied_or_already_applied
PEPFLJIGLGM	_tableSize	applied_or_already_applied
PFBHLCDKIFJ	CreateRosterAchievCounter	applied_or_already_applied
PFCHLMNGIOP	OnTimerTick	applied_or_already_applied
PFGHHMNNFEK	AppendNodeChild	applied_or_already_applied
PFHCBEFGJED	_SpriteRender	applied_or_already_applied
PFIHGDPGMCB	set_IsHubError	applied_or_already_applied
PFJLJPPKJLB	GetParametersValue	applied_or_already_applied
PFLNOFJHBKI	ParentItem	applied_or_already_applied
PFNJHNBBDGK	GetAnimationSummands	applied_or_already_applied
PGAALENAHFD	set_Binary	applied_or_already_applied
PGDHLKCHNBF	GetEnemyNoPerks	applied_or_already_applied
PGFKKJMPIBH	set_Buttons	applied_or_already_applied
PGGFDLGJNAC	Timer	applied_or_already_applied
PGKNGEJIBCO	get_RoundTimeLeft	applied_or_already_applied
PGLEJCEFGMG	Combine	applied_or_already_applied
PGNBDEKPACN	set_ReconnectionAttempts	applied_or_already_applied
PHAGKHOIAHI	IsFitStartAnimation	applied_or_already_applied
PHBHPBHPAGE	DecodeMessage	applied_or_already_applied
PHCHHPEIFOM	set_RotationAngle	applied_or_already_applied
PHDEBHJBPPO	set_MaxPathLength	applied_or_already_applied
PHEIJPCKJNA	UpdatePosition	applied_or_already_applied
PHFCNOBALGE	ActionZoomEffect	applied_or_already_applied
PHFKDPIKOBH	_btnName	applied_or_already_applied
PHHBKGGOFCF	ToInt32	applied_or_already_applied
PHHLFLOOJIP	IntToColor	applied_or_already_applied
PHHMKCGEOIN	_timerLabel	applied_or_already_applied
PHJBJGCFFCE	UpdateCombo	applied_or_already_applied
PHJCCJNOCGJ	_name	applied_or_already_applied
PHKNEAANBAB	Types	applied_or_already_applied
PHLHAOFECLB	CheckIfTableExists	applied_or_already_applied
PHLMMLICLEG	messages	applied_or_already_applied
PHMBGGOAHMB	_handleRfc1950HeaderBytes	applied_or_already_applied
PHNEHHAKHNK	ShuffleArray	applied_or_already_applied
PIAHJHHABHB	stopFollowEffect	applied_or_already_applied
PIANOFNJPGD	AddAttributes	applied_or_already_applied
PIFKPLHIOFJ	state	applied_or_already_applied
PIGGNFCBBMI	set_UnconfirmedLedgerIDs	applied_or_already_applied
PILKAAGDNGM	ModelCollision	applied_or_already_applied
PINKDEFCMIB	_cellPrefab	applied_or_already_applied
PIOKMDENJFB	CrazyRule	applied_or_already_applied
PIPBKHAHJPN	Create	applied_or_already_applied
PJAHIOELGGD	InfoAnimation	applied_or_already_applied
PJALFNFOBGO	_WaitTimeCoroutine	applied_or_already_applied
PJBCHOJJPFE	OnLoadConfig	applied_or_already_applied
PJBDPHDJBFJ	SetContentPosition	applied_or_already_applied
PJBKJLIIKAC	EatWhitespace	applied_or_already_applied
PJCFEHAGFHA	set_IsInline	applied_or_already_applied
PJDEHDCJCIC	set_MaxConnectionPerServer	applied_or_already_applied
PJEJBKMDOAM	ButtonCallback	applied_or_already_applied
PJEOEENINAL	_IsInterruptFramesSeted	applied_or_already_applied
PJFNPAMLLMH	SetNearestEnemy	applied_or_already_applied
PJGABPOLBBN	_isTrue	applied_or_already_applied
PJGNIHKOBEB	SerializeValue	applied_or_already_applied
PJHJBKCKLGH	visitedNodes	applied_or_already_applied
PJKFIGKPIML	SetFields	applied_or_already_applied
PJKGGOLPKEL	IsOutside	applied_or_already_applied
PJMDIHLGNHB	_Stroke	applied_or_already_applied
PJMEMGHKKBM	BattleType	applied_or_already_applied
PJMPGICBHGD	MergeUserXML	applied_or_already_applied
PKAFMFGBANG	Method	applied_or_already_applied
PKBKEDNPCMH	ParentRule	applied_or_already_applied
PKCMIKNPFJO	Location	applied_or_already_applied
PKEJDIMIBLG	get_ThrowableIntervals	applied_or_already_applied
PKHCOJLNNBO	_Render	applied_or_already_applied
PKLKCMGEMHB	send_compressed_block	applied_or_already_applied
PKLMGEGEOLE	conv_ops	applied_or_already_applied
PLBKOPEMEAF	PrepareItemRules	applied_or_already_applied
PLCNDHJJCFE	crc32Table	applied_or_already_applied
PLGCLNCGNMD	SendOutTo	applied_or_already_applied
PLGNMHKEJGG	LoadMovementsTablefor	applied_or_already_applied
PLHCKCPDCDE	GetPercentValue	applied_or_already_applied
PLJPDHCOENK	set_Value	applied_or_already_applied
PLJPENMGMGJ	set_FightAvgFPS	applied_or_already_applied
PLKFFGILBOP	frames	applied_or_already_applied
PLKHIIOHCGC	GetLeftTime	applied_or_already_applied
PLKKMOIIKAO	_logNow	applied_or_already_applied
PLMJJCOJOCP	OnReceived	applied_or_already_applied
PLMJKLIOFMI	ConditionName	applied_or_already_applied
PLNDLBFMDKG	currentComboLevel	applied_or_already_applied
PLPHBJACOFF	ToCamelOrPascalCase	applied_or_already_applied
PLPLIANJLMA	MD5HashBytes	applied_or_already_applied
PMAMHFCMIDG	Join	applied_or_already_applied
PMEGHLHOJJH	_avatars	applied_or_already_applied
PMFFAKGDOIL	GiveReward	applied_or_already_applied
PMLDCGPFCCH	_DeltaSendTime	applied_or_already_applied
PMNJKPEENKC	GetValueName	applied_or_already_applied
PMOKJKOPOPJ	ItemBuyHelper	applied_or_already_applied
PNEHEFFILIL	_isOpened	applied_or_already_applied
PNFEKCJBPLC	ParseModule	applied_or_already_applied
PNHOHHAOMEI	ShiftPoints	applied_or_already_applied
PNLAKFHBBDM	AspectConstants	applied_or_already_applied
PNNFGDCMPBK	FrameLock	applied_or_already_applied
PNODHDPKBMN	QuestActionChangePlayerAvatar	applied_or_already_applied
PNPPMHFFOOM	QuestActionOpenForge	applied_or_already_applied
POBGOFMKCLP	_Callback	applied_or_already_applied
PODFAPNKNHM	Scaling	applied_or_already_applied
POEGLCAJNAJ	TestBack	applied_or_already_applied
POGDMFCPNOJ	Pairs	applied_or_already_applied
POHJKHABCEJ	NodeXML	applied_or_already_applied
POIEHBLNBOO	_currentModuleIndex	applied_or_already_applied
POJMKEEPBJK	CritAdditional	applied_or_already_applied
POPFKACEMEB	HasHeader	applied_or_already_applied
PPDALPGJIAO	GetTacticalTableByLabel	applied_or_already_applied
PPGKJADKPGI	set_Buffer	applied_or_already_applied
PPGPKJCEOLG	exp	applied_or_already_applied
PPHDHACGGFJ	_fightIDS	applied_or_already_applied
PPIKPJEFCGB	set_Upgrades	applied_or_already_applied
PPMEBFPLODG	set_Symbol	applied_or_already_applied
PPPNOHFLCNF	put_bytes	applied_or_already_applied
PvpLocation	GameResistance	applied_or_already_applied
RaidLootContainer	MapButtonInfo	applied_or_already_applied
ADGNJAMFBCK	CheckResult|KillModel	skipped_conflict
AKFNPBEJBDO	_Tween|_tween	skipped_conflict
DLGLCCOCCIK	_incraseHeight|_increaseHeight	skipped_conflict
EDAPJLKMFPC	_Instance|_instance	skipped_conflict
FGGLBNBCCPE	SetWalls|SetWallsAlign	skipped_conflict
GDBOMJODDEA	Fight|LoseFallRule	skipped_conflict
IICJGJJGIMC	Count|_Count	skipped_conflict
JOADPIOMCJK	_Instance|_instance	skipped_conflict
MENAJEAJJBE	Name|text	skipped_conflict
PAMICDLAMHC	OnStartAnimation|OnStartInterval	skipped_conflict
ABCAONADOMK	Encoder: clean leaf is shared by ABCAONADOMK, MNPBDHNFEBB	skipped_file_collision
AJAIAKCIJIJ	IJsonEncoder: clean leaf is shared by AJAIAKCIJIJ, OOINGNLNJGM	skipped_file_collision
APMHDDIADMF	Parser: global destination already exists	skipped_file_collision
BDFAHMBGHDH	StringExtensions: clean leaf is shared by BDFAHMBGHDH, CICDLBEGBEA	skipped_file_collision
CEILAGAKGKF	Decoder: clean leaf is shared by CEILAGAKGKF, GDEMLIAGBCB	skipped_file_collision
CHOAMHPCPFL	Constants: clean leaf is shared by CHOAMHPCPFL, IJLCEKHNLFC	skipped_file_collision
CICDLBEGBEA	StringExtensions: clean leaf is shared by BDFAHMBGHDH, CICDLBEGBEA	skipped_file_collision
DMOMPOFCMJJ	GZipStream: clean leaf is shared by DMOMPOFCMJJ, NGDOLJPDPBI	skipped_file_collision
GDEMLIAGBCB	Decoder: clean leaf is shared by CEILAGAKGKF, GDEMLIAGBCB	skipped_file_collision
HLNFFAMCLEH	PollingTransport: global destination already exists	skipped_file_collision
IJLCEKHNLFC	Constants: clean leaf is shared by CHOAMHPCPFL, IJLCEKHNLFC	skipped_file_collision
IPIGAJKKJLN	OnEventDelegate: clean leaf is shared by IPIGAJKKJLN, JEEIPOLICHA	skipped_file_collision
IPPLMFLBMNF	ImporterFunc: clean leaf is shared by IPPLMFLBMNF, LADGKBEOMDK	skipped_file_collision
JEEIPOLICHA	OnEventDelegate: clean leaf is shared by IPIGAJKKJLN, JEEIPOLICHA	skipped_file_collision
JHHBEDGPFDM	WebSocketTransport: clean leaf is shared by JHHBEDGPFDM, KMLMEACFJGA	skipped_file_collision
KMLMEACFJGA	WebSocketTransport: clean leaf is shared by JHHBEDGPFDM, KMLMEACFJGA	skipped_file_collision
LADGKBEOMDK	ImporterFunc: clean leaf is shared by IPPLMFLBMNF, LADGKBEOMDK	skipped_file_collision
MNPBDHNFEBB	Encoder: clean leaf is shared by ABCAONADOMK, MNPBDHNFEBB	skipped_file_collision
NDIMGDKIMBD	ExporterFunc: clean leaf is shared by NDIMGDKIMBD, NHMEKPMHION	skipped_file_collision
NGDOLJPDPBI	GZipStream: clean leaf is shared by DMOMPOFCMJJ, NGDOLJPDPBI	skipped_file_collision
NHMEKPMHION	ExporterFunc: clean leaf is shared by NDIMGDKIMBD, NHMEKPMHION	skipped_file_collision
OIPMMMLGOAJ	DeflateStream: clean leaf is shared by OIPMMMLGOAJ, OPBDIMHHCMJ	skipped_file_collision
OOINGNLNJGM	IJsonEncoder: clean leaf is shared by AJAIAKCIJIJ, OOINGNLNJGM	skipped_file_collision
OPBDIMHHCMJ	DeflateStream: clean leaf is shared by OIPMMMLGOAJ, OPBDIMHHCMJ	skipped_file_collision
